"Aleria I T. 19","RF Dinos Painter"
"Aleria I T. 19","Aleria I 1831"
"Aleria I T. 19","Aleria I 180"
"Aleria I T. 19","Aleria I 1740"
"Aleria I T. 19","Aleria I 181"
"Aleria I T. 19","Aleria I 1570"
"Aleria I T. 91 South Bench","RF Circle of the Brygos Painter"
"Aleria I T. 91 South Bench","RF Brygos Painter"
"Aleria I T. 91 South Bench","Aleria I 1902"
"Aleria I T. 91 South Bench","Aleria I 1901"
"Aleria I T. 91 South Bench","RF Group of the Antiphon Painter"
"Aleria I T. 91 South Bench","Aleria I 1956"
"Aleria I T. 91 South Bench","Aleria I 1903"
"Aleria I T. 91 South Bench","Aleria I 1836"
"Aleria I T. 91 South Bench","Aleria I 1769"
"Aleria I T. 91 South Bench","RF Noces Painter"
"Aleria I T. 91 South Bench","Aleria I 1904"
"Aleria I T. 90 South Bench","RF Brussels R 339 Painter"
"Aleria I T. 90 South Bench","Aleria I 1844"
"Aleria I T. 90 South Bench","Aleria I 1841"
"Aleria I T. 90 South Bench","Aleria I 1840"
"Aleria I T. 90 South Bench","Aleria I 1839"
"Aleria I T. 90 South Bench","Aleria I 1837"
"Aleria I T. 90 South Bench","Aleria I 1600"
"Aleria I T. 90 South Bench","RF Group of the Antiphon Painter"
"Aleria I T. 90 South Bench","Aleria I 1956"
"Aleria I T. 90 South Bench","Aleria I 1903"
"Aleria I T. 90 South Bench","Aleria I 1836"
"Aleria I T. 90 South Bench","Aleria I 1769"
"Aleria I T. 90 South Bench","RF Heidelberg 211 Painter"
"Aleria I T. 90 South Bench","Aleria I 1838"
"Aleria I T. 90 South Bench","Aleria I 1772"
"Aleria I T. 90 South Bench","Aleria I 1843"
"Aleria I T. 90 South Bench","RF Curtius Painter"
"Aleria I T. 90 South Bench","Aleria I 1777"
"Aleria I T. 90 South Bench","Aleria I 1771"
"Aleria I T. 90 South Bench","Aleria I 1599"
"Aleria I T. 90 South Bench","Aleria I 1779"
"Aleria I T. 90 South Bench","Lamboglia 42A1"
"Aleria I T. 92 Central Grave","RF Group of the Antiphon Painter"
"Aleria I T. 92 Central Grave","Aleria I 1956"
"Aleria I T. 92 Central Grave","Aleria I 1903"
"Aleria I T. 92 Central Grave","Aleria I 1836"
"Aleria I T. 92 Central Grave","Aleria I 1769"
"Aleria I T. 92 Central Grave","RF Paris Gigantomachy Painter"
"Aleria I T. 92 Central Grave","RF Painter of the Villa Giulia"
"Aleria I T. 92 Central Grave","Aleria I 2098"
"Aleria I T. 92 Central Grave","Aleria I 2040"
"Aleria I T. 92 Central Grave","Aleria I 1958"
"Aleria I T. 92 Central Grave","Aleria I 1954"
"Aleria I T. 92 Central Grave","Aleria I 1953"
"Aleria I T. 92 Central Grave","Aleria I 1594a"
"Aleria I T. 92 Central Grave","Aleria I 1735"
"Aleria I T. 92 Central Grave","Kantharos Saint-Valentin"
"Aleria I T. 92 Central Grave","Aleria I 1957"
"Aleria I T. 92 Central Grave","Aleria I 149"
"Aleria I T. 92 Central Grave","RF Attic Owl Skyphos"
"Aleria I T. 89 East Bench","Aleria I 1740"
"Aleria I T. 89 East Bench","Aleria I 1735"
"Aleria I T. 89 East Bench","RF Workshop of the Altamura Painter"
"Aleria I T. 89 East Bench","Aleria I 2024a"
"Aleria I T. 89 East Bench","Aleria I 1909"
"Aleria I T. 89 East Bench","Aleria I 1857"
"Aleria I T. 89 East Bench","Aleria I 1789"
"Aleria I T. 89 East Bench","Aleria I 1738"
"Aleria I T. 89 East Bench","Aleria I 1884"
"Aleria I T. 89 East Bench","Aleria I 1739"
"Aleria I T. 89 East Bench","RF Calliope Painter"
"Aleria I T. 89 East Bench","Aleria I 2024"
"Aleria I T. 89 East Bench","Aleria I 1736"
"Aleria I T. 89 East Bench","Aleria I 144"
"Aleria I T. 89 East Bench","RF Disney Painter"
"Aleria I T. 89 East Bench","Aleria I 1754"
"Aleria I T. 89 East Bench","Aleria I 1773"
"Aleria I T. 89 East Bench","Aleria I 1737"
"Aleria I T. 89 East Bench","Aleria I 1741"
"Aleria I T. 89 East Bench","Aleria I 153"
"Aleria I T. 92 East Bench","Aleria I 1964"
"Aleria I T. 92 East Bench","Aleria I 1962"
"Aleria I T. 92 East Bench","Aleria I 1879"
"Aleria I T. 92 East Bench","Lamboglia 21/24"
"Aleria I T. 92 East Bench","Aleria I 1779"
"Aleria I T. 92 East Bench","Aleria I 1567"
"Aleria I T. 92 East Bench","Aleria I 1963"
"Aleria II T. 120","Aleria I 1570"
"Aleria II T. 120","Aleria II 2842"
"Aleria II T. 120","Aleria II 2470"
"Aleria II T. 120","Aleria II 2466"
"Aleria II T. 120","Aleria I 2014"
"Aleria II T. 120","Athenian Agora XII n 481"
"Aleria II T. 120","Aleria II 2465"
"Aleria II T. 120","Aleria II 2328"
"Aleria II T. 120","Aleria II 2315"
"Aleria II T. 120","Aleria I 1646"
"Aleria I T. 82","Aleria I 2279"
"Aleria I T. 82","Aleria I 2054"
"Aleria I T. 82","Aleria I 1537"
"Aleria I T. 82","Aleria I 1517"
"Aleria I T. 82","Aleria I 1518"
"Aleria I T. 82","Aleria I 1516"
"Aleria II T. 111","Morel 4271a"
"Aleria II T. 111","Aleria II 2753"
"Aleria II T. 111","Aleria I 1599"
"Aleria II T. 111","Aleria II 2340"
"Aleria II T. 111","Athenian Agora XII n 494"
"Aleria II T. 111","Lamboglia 42A1"
"Aleria II T. 127A-127B","RF Curtius Painter"
"Aleria II T. 127A-127B","Aleria I 1777"
"Aleria II T. 127A-127B","Aleria I 1771"
"Aleria II T. 127A-127B","Aleria II 2838"
"Aleria II T. 127A-127B","Aleria II 2577"
"Aleria II T. 127A-127B","Aleria II 2572"
"Aleria II T. 127A-127B","Aleria I 1839a"
"Aleria II T. 127A-127B","Aleria II 2574"
"Aleria II T. 127A-127B","Aleria II 2573"
"Aleria II T. 127A-127B","Aleria II 2376"
"Aleria II T. 127A-127B","Aleria II 2319"
"Aleria II T. 127A-127B","Aleria II 2328"
"Aleria II T. 127A-127B","RF Attic Owl Skyphos"
"Aleria II T. 116C","Ridgway 1979 p. 341 fig. 18"
"Aleria II T. 116C","Athenian Agora XII n 556"
"Aleria II T. 116C","Aleria II 3980"
"Aleria II T. 116C","Aleria II 3337"
"Aleria II T. 116C","Aleria II 2476"
"Aleria II T. 116C","Aleria II 2391"
"Aleria II T. 116C","Aleria II 2387"
"Aleria II T. 116C","Aleria II 2386"
"Aleria II T. 116C","Aleria II 2385"
"Aleria II T. 116C","Aleria II 2381"
"Aleria II T. 116C","Athenian Agora XII n 558"
"Aleria II T. 116C","Aleria I 1516"
"Aleria II T. 116C","Aleria I 1179"
"Aleria II T. 158A","Aleria II 3510"
"Aleria II T. 158A","Aleria II 2349"
"Aleria II T. 132","Morel 4271a"
"Aleria II T. 132","Aleria II 2730"
"Aleria II T. 132","Aleria II 2729"
"Aleria II T. 132","Aleria II 2340"
"Aleria II T. 132","Lamboglia 42A1"
"Aleria II T. 132","Aleria I 1518"
"Aleria II T. 132","Aleria II 3007"
"Aleria II T. 132","Aleria I 1664"
"Aleria II T. 146A","RF Lewis Painter"
"Aleria II T. 146A","Aleria II 2996"
"Aleria II T. 146A","Aleria II 2995"
"Aleria II T. 146A","Aleria II 2994"
"Aleria II T. 146A","Aleria II 2991"
"Aleria II T. 146A","Aleria II 2990"
"Aleria II T. 146A","Aleria II 2992"
"Aleria II T. 146A","Athenian Agora XII n 433"
"Aleria II T. 146A","Aleria II 3344"
"Aleria II T. 146A","Aleria II 3343"
"Aleria II T. 146A","Aleria II 2993"
"Aleria II T. 146A","Aleria I 2194"
"Aleria II T. 146A","Aleria II 3002"
"Aleria II T. 146A","Aleria II 3342"
"Aleria II T. 146A","Aleria II 2328"
"Aleria II T. 146A","Aleria I 1646"
"Aleria II T. 146A","RF School of the Penthesilea Painter"
"Aleria II T. 146A","Aleria II 2326"
"Aleria I T. 90 East Bench","Aleria I 1956"
"Aleria I T. 90 East Bench","Aleria I 1903"
"Aleria I T. 90 East Bench","Aleria I 1836"
"Aleria I T. 90 East Bench","Aleria I 1769"
"Aleria I T. 90 East Bench","RF Heidelberg 211 Painter"
"Aleria I T. 90 East Bench","Aleria I 1838"
"Aleria I T. 90 East Bench","Aleria I 1772"
"Aleria I T. 90 East Bench","RF Curtius Painter"
"Aleria I T. 90 East Bench","Aleria I 1777"
"Aleria I T. 90 East Bench","Aleria I 1771"
"Aleria I T. 90 East Bench","Aleria I 1739"
"Aleria I T. 90 East Bench","Aleria I 1839a"
"Aleria I T. 90 East Bench","Aleria I 1985"
"Aleria I T. 90 East Bench","Aleria I 1888"
"Aleria I T. 90 East Bench","Aleria I 1862"
"Aleria I T. 90 East Bench","Aleria I 1803"
"Aleria I T. 90 East Bench","Aleria I 1775"
"Aleria I T. 90 East Bench","Aleria I 1758"
"Aleria I T. 90 East Bench","Aleria I 1682"
"Aleria I T. 90 East Bench","Aleria I 1548"
"Aleria I T. 90 East Bench","Aleria I 1877"
"Aleria I T. 90 East Bench","Aleria I 1778"
"Aleria I T. 90 East Bench","Aleria I 2023"
"Aleria I T. 90 East Bench","Aleria I 1940"
"Aleria I T. 90 East Bench","Aleria I 1878"
"Aleria I T. 90 East Bench","Aleria I 1941"
"Aleria I T. 90 East Bench","Aleria I 1805"
"Aleria I T. 90 East Bench","Aleria I 1779"
"Aleria I T. 90 East Bench","RF Angle Painter"
"Aleria I T. 90 East Bench","Aleria I 1776"
"Aleria I T. 90 East Bench","Aleria I 1773"
"Aleria I T. 90 East Bench","Aleria I 1737"
"Aleria I T. 90 East Bench","Aleria I 1812"
"Aleria I T. 90 East Bench","RF Splanchnoptes Painter"
"Aleria I T. 90 East Bench","Aleria I 1770"
"Aleria I T. 90 East Bench","Aleria I 1801"
"Aleria I T. 90 East Bench","RF Leningrad Painter"
"Aleria I T. 90 East Bench","Aleria I 2025"
"Aleria I T. 90 East Bench","Aleria I 1768"
"Aleria I T. 90 East Bench","Aleria I 1809"
"Aleria I T. 90 East Bench","Aleria I 1646"
"Aleria I T. 90 East Bench","RF School of the Penthesilea Painter"
"Aleria I T. 90 East Bench","Aleria I 651"
"Aleria I T. 90 East Bench","Aleria I 147"
"Aleria I T. 90 East Bench","RF Karlsruhe Painter"
"Aleria I T. 90 East Bench","Aleria I 1774"
"Aleria I T. 90 East Bench","Aleria I 1782"
"Aleria I T. 90 East Bench","Lamboglia 109"
"Aleria II T. 116A","Aleria I 181"
"Aleria II T. 116A","Aleria I 1843"
"Aleria II T. 116A","Aleria II 2574"
"Aleria II T. 116A","Aleria II 2992"
"Aleria II T. 116A","Aleria I 1877"
"Aleria II T. 116A","Aleria I 1778"
"Aleria II T. 116A","Spina I T. 603 p 179"
"Aleria II T. 116A","RF School of the Pentesilea Painter"
"Aleria II T. 116A","Athenian Agora XII n 551"
"Aleria II T. 116A","Athenian Agora XII n 482"
"Aleria II T. 116A","Aleria II 3176"
"Aleria II T. 116A","Aleria II 3171"
"Aleria II T. 116A","Aleria II 3015"
"Aleria II T. 116A","Aleria II 2374"
"Aleria II T. 116A","Aleria II 2373"
"Aleria II T. 116A","Aleria I 2023"
"Aleria II T. 116A","Aleria I 1940"
"Aleria II T. 116A","Aleria I 1878"
"Aleria II T. 116A","Aleria II 2399"
"Aleria II T. 116A","Aleria II 2398"
"Aleria II T. 116A","Aleria II 3014"
"Aleria II T. 116A","Aleria II 2593"
"Aleria II T. 116A","Aleria II 2376"
"Aleria II T. 116A","Aleria II 2371"
"Aleria II T. 116A","Aleria I 149"
"Aleria II T. 116A","Aleria II 2319"
"Aleria II T. 116A","Aleria II 2904"
"Aleria II T. 116A","Aleria II 3229"
"Aleria II T. 116A","Aleria II 2375"
"Aleria II T. 116A","Aleria I 1960"
"Aleria II T. 116A","Aleria II 2314"
"Aleria II T. 116A","Aleria II 2372"
"Aleria II T. 116A","Aleria I 651"
"Aleria II T. 116A","RF Attic Owl Skyphos"
"Aleria II T. 116A","Aleria II 2370"
"Aleria I T. 15","Aleria I 1738"
"Aleria I T. 15","Aleria I 1739"
"Aleria I T. 15","RF Calliope Painter"
"Aleria I T. 15","Aleria I 2024"
"Aleria I T. 15","Aleria I 1736"
"Aleria I T. 15","Aleria I 144"
"Aleria I T. 15","RF Disney Painter"
"Aleria I T. 15","Aleria II 2573"
"Aleria I T. 15","Aleria I 2023"
"Aleria I T. 15","Aleria I 1940"
"Aleria I T. 15","Aleria I 1878"
"Aleria I T. 15","Aleria I 1941"
"Aleria I T. 15","RF Euiaon Painter"
"Aleria I T. 15","Aleria I 1569"
"Aleria I T. 15","Aleria I 1568"
"Aleria I T. 15","Aleria I 152"
"Aleria I T. 15","Aleria I 150"
"Aleria I T. 15","Aleria I 143"
"Aleria I T. 15","Aleria I 148"
"Aleria I T. 15","Aleria I 1656"
"Aleria I T. 15","Aleria I 1654"
"Aleria I T. 15","Aleria I 1741"
"Aleria I T. 15","Aleria I 149"
"Aleria I T. 15","RF Eretria Painter"
"Aleria I T. 15","Aleria I 146"
"Aleria I T. 15","RF School of the Penthesilea Painter"
"Aleria I T. 15","Aleria I 651"
"Aleria I T. 15","Aleria I 153"
"Aleria I T. 15","Aleria I 147"
"Aleria I T. 15","Aleria I 151"
"Aleria II T. 118B","Ridgway 1979 p. 341 fig 16"
"Aleria II T. 118B","CVA Cophenhagen 9 pl. 354 n 6"
"Aleria II T. 118B","CVA Bourges p. 1 n 883"
"Aleria II T. 118B","Athenian Agora XII n 561"
"Aleria II T. 118B","Aleria II 3370"
"Aleria II T. 118B","Aleria II 2876"
"Aleria II T. 118B","Aleria II 2847"
"Aleria II T. 118B","Aleria II 2421"
"Aleria II T. 118B","Aleria II 2417"
"Aleria II T. 118B","Aleria II 2414"
"Aleria II T. 118B","Aleria II 2413"
"Aleria II T. 118B","Aleria II 2411"
"Aleria II T. 118B","Aleria I 2058"
"Aleria II T. 118B","Aleria I 1755"
"Aleria II T. 118B","Aleria II 2424"
"Aleria II T. 118B","Aleria I 1586"
"Aleria II T. 118B","Aleria II 2958"
"Aleria II T. 118B","Aleria II 2422"
"Aleria II T. 118B","Aleria I 1754"
"Aleria II T. 118B","Aleria I 1565"
"Aleria II T. 118B","Aleria II 2592"
"Aleria II T. 118B","Aleria I 2103"
"Aleria II T. 118B","Aleria I 2142"
"Aleria II T. 118B","Aleria II 2419"
"Aleria II T. 118B","Aleria II 2349"
"Aleria II T. 118B","Aleria II 2416"
"Aleria II T. 118B","Aleria II 2382"
"Aleria II T. 118B","Aleria I 2114"
"Aleria II T. 118B","Aleria II 3241"
"Aleria II T. 118B","Aleria II 2415"
"Aleria II T. 118B","Aleria I 1853"
"Aleria II T. 118B","Aleria I 1571"
"Aleria II T. 118B","Aleria II 2412"
"Aleria II T. 134","Aleria II 2753"
"Aleria II T. 134","Aleria I 1599"
"Aleria II T. 134","RG Orchard Painter"
"Aleria II T. 134","Aleria II 2752"
"Aleria II T. 134","Aleria II 2340"
"Aleria II T. 134","Athenian Agora XII n 494"
"Aleria II T. 134","Lamboglia 42A1"
"Aleria II T. 134","Aleria II 2927"
"Aleria II T. 134","Aleria II 2926"
"Aleria II T. 134","Aleria II 2925"
"Aleria II T. 134","Aleria II 2899"
"Aleria II T. 134","Aleria II 2756"
"Aleria II T. 175B South Bench","Aleria I 1570"
"Aleria II T. 175B South Bench","Aleria II 2424"
"Aleria II T. 175B South Bench","Aleria I 1586"
"Aleria II T. 175B South Bench","Athenian Agora XII n 484"
"Aleria II T. 175B South Bench","Aleria II 4069"
"Aleria II T. 175B South Bench","Aleria II 4067"
"Aleria II T. 175B South Bench","Aleria II 4066"
"Aleria II T. 175B South Bench","Aleria II 4062"
"Aleria II T. 175B South Bench","Aleria II 4061"
"Aleria II T. 175B South Bench","Aleria II 4060"
"Aleria II T. 175B South Bench","Aleria II 4065"
"Aleria II T. 175B South Bench","Aleria II 3018"
"Aleria II T. 175B South Bench","Aleria II 2400"
"Aleria II T. 175B South Bench","Aleria II 3342"
"Aleria II T. 175B South Bench","Aleria I 1563"
"Aleria II T. 175B South Bench","Aleria I 1651"
"Aleria II T. 175B South Bench","RF Vei Painter"
"Aleria II T. 175B South Bench","Aleria II 2837"
"Aleria II T. 175B South Bench","Aleria II 4074"
"Aleria II T. 175B South Bench","Aleria II 4063"
"Aleria II T. 175B South Bench","Aleria II 2465"
"Aleria II T. 175B South Bench","Aleria II 3183"
"Aleria II T. 175B South Bench","Aleria II 2320"
"Aleria II T. 175B South Bench","Aleria I 1732"
"Aleria II T. 175B South Bench","Aleria I 151"
"Aleria II T. 145","Aleria I 1884"
"Aleria II T. 145","RF Calliope Painter"
"Aleria II T. 145","Aleria I 2024"
"Aleria II T. 145","Aleria I 1736"
"Aleria II T. 145","Aleria I 144"
"Aleria II T. 145","Athenian Agora XII n 481"
"Aleria II T. 145","Aleria I 1805"
"Aleria II T. 145","Aleria II 2958"
"Aleria II T. 145","Aleria I 1567"
"Aleria II T. 145","Ridgway 1979 p 339 fig 13"
"Aleria II T. 145","RF Painter of the Hydria of Naples"
"Aleria II T. 145","CVA Oxford pl 43 n 5"
"Aleria II T. 145","Aleria II 2968"
"Aleria II T. 145","Aleria II 2965"
"Aleria II T. 145","Aleria II 2956"
"Aleria II T. 145","Aleria II 2952"
"Aleria II T. 145","Aleria II 2950"
"Aleria II T. 145","Aleria II 2947"
"Aleria II T. 145","Aleria II 2946"
"Aleria II T. 145","Aleria I 3392"
"Aleria II T. 145","Aleria I 2103"
"Aleria II T. 145","Aleria II 2546"
"Aleria II T. 145","Aleria II 2465"
"Aleria II T. 145","Aleria II 2949"
"Aleria II T. 145","Aleria I 2037"
"Aleria II T. 145","Aleria II 2328"
"Aleria II T. 145","Aleria II 2405"
"Aleria II T. 145","RF Eretria Painter"
"Aleria II T. 145","Aleria I 146"
"Aleria II T. 145","Aleria II 2416"
"Aleria II T. 145","Aleria I 1809"
"Aleria II T. 145","Aleria I 109"
"Aleria II T. 145","Aleria II 2948"
"Aleria II T. 145","Aleria II 2321"
"Aleria II T. 145","Aleria II 2839"
"Aleria II T. 145","Aleria II 2951"
"Aleria II T. 145","Aleria II 2313"
"Aleria II T. 145","Aleria II 3058"
"Aleria II T. 145","Aleria II 2966"
"Aleria II T. 145","Aleria I 1536"
"Aleria II T. 116B","Aleria II 2422"
"Aleria II T. 116B","Aleria II 2380"
"Aleria II T. 116B","Aleria II 2379"
"Aleria II T. 116B","Aleria I 1566"
"Aleria II T. 116B","Aleria II 2381"
"Aleria II T. 116B","Aleria II 2377"
"Aleria II T. 116B","Aleria II 2349"
"Aleria II T. 116B","Aleria II 2382"
"Aleria II T. 116B","Aleria I 2114"
"Aleria II T. 116B","Aleria II 2315"
"Aleria II T. 116B","Aleria II 2321"
"Aleria II T. 116B","Aleria II 2353"
"Aleria II T. 116B","Aleria I 2104"
"Aleria I T. 87 South Bench","Aleria I 1656"
"Aleria I T. 87 South Bench","Aleria I 1654"
"Aleria I T. 87 South Bench","Aleria I 1650"
"Aleria I T. 87 South Bench","Aleria I 1574"
"Aleria I T. 87 South Bench","Aleria I 1573"
"Aleria I T. 87 South Bench","Aleria I 1651"
"Aleria I T. 87 South Bench","Aleria I 1648"
"Aleria I T. 87 South Bench","Aleria I 1575"
"Aleria I T. 87 South Bench","Aleria I 1572"
"Aleria II T. 175A","Aleria II 4059"
"Aleria II T. 175A","Aleria II 4057"
"Aleria II T. 175A","Aleria II 4056"
"Aleria II T. 175A","Aleria II 4055"
"Aleria II T. 175A","Aleria II 4054"
"Aleria II T. 175A","Aleria II 4053"
"Aleria II T. 175A","Aleria II 4052"
"Aleria II T. 175A","Aleria II 3173"
"Aleria II T. 175A","Aleria II 3164"
"Aleria II T. 175A","Aleria I 1641"
"Aleria II T. 175A","Aleria I 1563"
"Aleria II T. 175A","RF Vei Painter"
"Aleria II T. 175A","Aleria I 1801"
"Aleria II T. 175A","Aleria I 1648"
"Aleria II T. 175A","Aleria II 2315"
"Aleria II T. 175A","Aleria II 2406"
"Aleria II T. 175A","Aleria II 3033"
"Aleria II T. 175A","Aleria I 108"
"Aleria II T. 175A","Aleria II 2318"
"Aleria II T. 175A","Aleria I 1950"
"Aleria II T. 175A","Aleria II 2759"
"Aleria II T. 118A","RF Disney Painter"
"Aleria II T. 118A","Aleria II 2399"
"Aleria II T. 118A","Aleria II 2398"
"Aleria II T. 118A","Aleria I 148"
"Aleria II T. 118A","RF Orvieto Painter 191A"
"Aleria II T. 118A","FIB Guzzo 1972 Type IV n 2 Class D1 p. 114 pl. 10"
"Aleria II T. 118A","Aleria II 2861"
"Aleria II T. 118A","Aleria II 2857"
"Aleria II T. 118A","Aleria II 2856"
"Aleria II T. 118A","Aleria II 2855"
"Aleria II T. 118A","Aleria II 2402"
"Aleria II T. 118A","Aleria II 2401"
"Aleria II T. 118A","Aleria II 2397"
"Aleria II T. 118A","Aleria II 2396"
"Aleria II T. 118A","Aleria II 2400"
"Aleria II T. 118A","Aleria II 2407"
"Aleria II T. 118A","Aleria I 1584"
"Aleria II T. 118A","Aleria II 2405"
"Aleria II T. 118A","Aleria I 1801"
"Aleria II T. 118A","Aleria II 2322"
"Aleria II T. 118A","Aleria I 109"
"Aleria II T. 118A","Aleria II 2315"
"Aleria II T. 118A","Aleria II 2406"
"Aleria II T. 118A","Aleria I 1646"
"Aleria II T. 118A","Aleria II 3246"
"Aleria II T. 118A","Aleria II 2404"
"Aleria II T. 118A","Aleria II 2353"
"Aleria II T. 118A","Aleria I 2104"
"Aleria II T. 118A","RF School of the Penthesilea Painter"
"Aleria II T. 118A","Aleria I 651"
"Aleria II T. 118A","Aleria I 147"
"Aleria II T. 118A","Aleria II 2326"
"Aleria I T. 87 Dromos","Lamboglia 21/24"
"Aleria I T. 87 Dromos","Aleria I 1656"
"Aleria I T. 87 Dromos","Aleria I 1654"
"Aleria I T. 87 Dromos","Aleria I 2039"
"Aleria I T. 87 Dromos","Aleria I 2038"
"Aleria I T. 87 Dromos","Aleria I 1669"
"Aleria I T. 87 Dromos","Aleria I 1666"
"Aleria I T. 87 Dromos","Aleria I 1660"
"Aleria I T. 87 Dromos","Aleria I 1659"
"Aleria I T. 87 Dromos","Aleria I 1558"
"Aleria I T. 87 Dromos","Lamboglia 42A1"
"Aleria I T. 87 Dromos","Kantharos Saint-Valentin"
"Aleria I T. 87 Dromos","Aleria I 1664"
"Aleria I T. 87 Dromos","Aleria I 1667"
"Aleria I T. 87 Dromos","Aleria I 2063"
"Aleria I T. 87 Dromos","Aleria I 1572"
"Aleria I T. 87 Dromos","RF Attic Owl Skyphos"
"Aleria II T. 167A","Aleria I 1517"
"Aleria II T. 167A","Aleria I 1641"
"Aleria II T. 167A","Aleria II 2400"
"Aleria II T. 167A","Athenian Agora XII n 346"
"Aleria II T. 167A","Athenian Agora XII n 345"
"Aleria II T. 167A","Aleria II 3736"
"Aleria II T. 167A","Aleria II 3732"
"Aleria II T. 167A","Aleria II 3730"
"Aleria II T. 167A","Aleria II 3729"
"Aleria II T. 167A","Aleria II 3723"
"Aleria II T. 167A","Aleria II 3721"
"Aleria II T. 167A","Aleria II 3718"
"Aleria II T. 167A","Aleria II 3716"
"Aleria II T. 167A","Aleria II 3715"
"Aleria II T. 167A","Aleria II 3488"
"Aleria II T. 167A","Aleria II 3180"
"Aleria II T. 167A","Aleria II 2578"
"Aleria II T. 167A","Aleria I 1170"
"Aleria II T. 167A","Aleria II 3722"
"Aleria II T. 167A","Aleria I 1518"
"Aleria II T. 167A","Aleria II 2405"
"Aleria II T. 167A","Aleria I 1988"
"Aleria II T. 167A","Aleria II 3007"
"Aleria II T. 167A","Aleria I 109"
"Aleria II T. 167A","Aleria II 2315"
"Aleria II T. 167A","Aleria II 3717"
"Aleria II T. 167A","Aleria II 3174"
"Aleria II T. 167A","Aleria II 3033"
"Aleria II T. 167A","Aleria I 1575"
"Aleria II T. 167A","Aleria II 2333"
"Aleria II T. 167A","Aleria I 1923"
"Aleria II T. 167A","Aleria II 2756"
"Aleria II T. 167A","Aleria I 1535"
"Aleria II T. 155A","Athenian Agora XII n 433"
"Aleria II T. 155A","Aleria II 3344"
"Aleria II T. 155A","Aleria II 3343"
"Aleria II T. 155A","Aleria II 2993"
"Aleria II T. 155A","Aleria I 2194"
"Aleria II T. 155A","RF Angle Painter"
"Aleria II T. 155A","Aleria I 1776"
"Aleria II T. 155A","RF Veii Painter"
"Aleria II T. 155A","RF Aberdeen Painter"
"Aleria II T. 155A","Alerria I 1543"
"Aleria II T. 155A","Aleria II 3380"
"Aleria II T. 155A","Aleria II 3373"
"Aleria II T. 155A","Aleria II 3372"
"Aleria II T. 155A","Aleria II 3371"
"Aleria II T. 155A","Aleria II 3368"
"Aleria II T. 155A","Aleria II 3366"
"Aleria II T. 155A","Aleria II 3360"
"Aleria II T. 155A","Aleria II 3359"
"Aleria II T. 155A","Aleria II 3358"
"Aleria II T. 155A","Aleria II 3354"
"Aleria II T. 155A","Aleria II 3352"
"Aleria II T. 155A","Aleria II 3351"
"Aleria II T. 155A","Aleria II 3349"
"Aleria II T. 155A","Aleria II 3347"
"Aleria II T. 155A","Aleria II 3345"
"Aleria II T. 155A","Aleria II 3340"
"Aleria II T. 155A","Aleria II 3339"
"Aleria II T. 155A","Aleria I 2320"
"Aleria II T. 155A","Aleria I 1969"
"Aleria II T. 155A","Aleria I 1928"
"Aleria II T. 155A","Aleria I 1924"
"Aleria II T. 155A","Aleria I 1811"
"Aleria II T. 155A","Aleria II 3342"
"Aleria II T. 155A","Aleria I 1563"
"Aleria II T. 155A","Aleria I 1651"
"Aleria II T. 155A","Aleria II 2837"
"Aleria II T. 155A","RF Splanchnoptes Painter"
"Aleria II T. 155A","Aleria I 1770"
"Aleria II T. 155A","Aleria I 2037"
"Aleria II T. 155A","Aleria II 2405"
"Aleria II T. 155A","Aleria I 1801"
"Aleria II T. 155A","Aleria I 1648"
"Aleria II T. 155A","Aleria I 109"
"Aleria II T. 155A","Aleria II 2375"
"Aleria II T. 155A","Aleria I 1960"
"Aleria II T. 155A","Aleria II 2406"
"Aleria II T. 155A","Aleria II 2321"
"Aleria II T. 155A","Aleria II 3341"
"Aleria II T. 155A","Aleria II 2900"
"Aleria II T. 155A","Aleria II 2320"
"Aleria II T. 155A","Aleria II 3033"
"Aleria II T. 155A","Aleria II 2333"
"Aleria II T. 155A","Aleria II 2313"
"Aleria II T. 155A","Aleria I 1950"
"Aleria II T. 155A","Aleria II 2759"
"Aleria II T. 155A","Aleria I 1544"
"Aleria II T. 147A","Aleria II 3014"
"Aleria II T. 147A","Aleria II 4065"
"Aleria II T. 147A","Aleria II 3018"
"Aleria II T. 147A","Athenian Agora XII n 939"
"Aleria II T. 147A","Athenian Agora XII n 817"
"Aleria II T. 147A","Aleria II 3016"
"Aleria II T. 147A","Aleria II 3013"
"Aleria II T. 147A","Aleria II 3009"
"Aleria II T. 147A","Aleria II 3008"
"Aleria II T. 147A","Aleria I 1651"
"Aleria II T. 147A","Aleria I 1518"
"Aleria II T. 147A","RF Eretria Painter"
"Aleria II T. 147A","Aleria I 146"
"Aleria II T. 147A","Aleria I 1648"
"Aleria II T. 147A","Aleria I 1963"
"Aleria II T. 147A","Aleria II 3389"
"Aleria II T. 147A","Aleria II 3010"
"Aleria II T. 147A","Aleria II 3020"
"Aleria II T. 147A","Aleria II 2375"
"Aleria II T. 147A","Aleria I 1960"
"Aleria II T. 147A","Aleria II 2839"
"Aleria II T. 147A","Aleria II 3012"
"Aleria II T. 147A","Aleria II 2907"
"Aleria II T. 147A","Aleria II 3011"
"Aleria II T. 147A","Aleria II 3033"
"Aleria II T. 147A","Aleria II 2333"
"Aleria II T. 147A","Aleria I 1923"
"Aleria II T. 147A","Aleria II 3065"
"Aleria II T. 147A","Aleria I 1782"
"Aleria II T. 146B","Aleria II 3002"
"Aleria II T. 146B","Aleria II 2400"
"Aleria II T. 146B","Aleria II 3722"
"Aleria II T. 146B","Aleria I 1518"
"Aleria II T. 146B","Aleria II 3055"
"Aleria II T. 146B","Aleria II 3054"
"Aleria II T. 146B","Aleria II 3006"
"Aleria II T. 146B","Aleria II 3005"
"Aleria II T. 146B","Aleria II 3007"
"Aleria II T. 146B","Aleria II 2416"
"Aleria II T. 146B","Aleria II 3004"
"Aleria II T. 146B","Aleria II 2321"
"Aleria II T. 146B","Aleria I 1543"
"Aleria II T. 115","Aleria II 2368"
"Aleria II T. 115","Aleria II 2320"
"Aleria II T. 115","Aleria I 1667"
"Aleria II T. 113","Aleria I 1599"
"Aleria II T. 113","Aleria II 2381"
"Aleria II T. 113","Aleria II 2340"
"Aleria II T. 113","Aleria I 1565"
"Aleria II T. 113","Aleria II 2377"
"Aleria II T. 113","Morel 5352a"
"Aleria II T. 113","Aleria II 2352"
"Aleria II T. 113","Aleria II 2351"
"Aleria II T. 113","Aleria I 2108"
"Aleria II T. 113","Aleria II 2349"
"Aleria II T. 113","Aleria II 2415"
"Aleria II T. 113","Aleria II 2315"
"Aleria II T. 113","Aleria I 1516"
"Aleria II T. 113","Aleria II 2350"
"Aleria II T. 113","Aleria II 2353"
"Aleria II T. 113","Aleria I 2104"
"Aleria II T. 113","Lamboglia 42A"
"Aleria II T. 128A","Aleria II 2593"
"Aleria II T. 128A","Aleria II 2592"
"Aleria II T. 128A","Aleria II 2377"
"Aleria II T. 128A","Aleria I 2037"
"Aleria II T. 128A","Aleria II 2328"
"Aleria II T. 128A","Aleria II 2596"
"Aleria II T. 128A","Aleria II 2595"
"Aleria II T. 128A","Aleria II 2315"
"Aleria II T. 128A","Aleria II 2321"
"Aleria II T. 128A","Aleria I 1646"
"Aleria II T. 128A","Aleria II 2594"
"Aleria II T. 128A","Aleria I 108"
"Aleria II T. 128A","Aleria II 2412"
"Aleria II T. 125AB","Aleria I 1567"
"Aleria II T. 125AB","Aleria II 2546"
"Aleria II T. 125AB","Kantharos Saint-Valentin"
"Aleria II T. 125AB","Aleria II 2377"
"Aleria II T. 125AB","Aleria I 1957"
"Aleria II T. 125AB","Aleria I 149"
"Aleria II T. 125AB","Aleria II 2319"
"Aleria II T. 125AB","Aleria II 2948"
"Aleria II T. 125AB","Aleria II 3169"
"Aleria II T. 125AB","Aleria II 2549"
"Aleria II T. 125AB","Aleria II 2542"
"Aleria II T. 125AB","Athenian Agora XII n 541"
"Aleria II T. 125AB","Aleria II 2547"
"Aleria II T. 125AB","Aleria II 2544"
"Aleria II T. 125AB","Aleria II 2545"
"Aleria II T. 125AB","Aleria II 2312"
"Aleria II T. 125AB","Aleria II 2318"
"Aleria II T. 125AB","Aleria II 2548"
"Aleria II T. 125AB","RF Attic Owl Skyphos"
"Aleria II T. 125AB","Lamboglia 42A"
"Aleria II T. 175B Central Grave","Aleria II 3342"
"Aleria II T. 175B Central Grave","Athenian Agora XII n 558"
"Aleria II T. 175B Central Grave","Aleria I 1563"
"Aleria II T. 175B Central Grave","RF Vei Painter"
"Aleria II T. 175B Central Grave","Aleria II 2837"
"Aleria II T. 175B Central Grave","Aleria I 2142"
"Aleria II T. 175B Central Grave","Aleria II 4074"
"Aleria II T. 175B Central Grave","Aleria II 4063"
"Aleria II T. 175B Central Grave","Aleria II 2315"
"Aleria II T. 175B Central Grave","Aleria II 4080"
"Aleria II T. 175B Central Grave","Aleria II 4079"
"Aleria II T. 175B Central Grave","Aleria II 4077"
"Aleria II T. 175B Central Grave","Aleria II 4076"
"Aleria II T. 175B Central Grave","Aleria II 4075"
"Aleria II T. 175B Central Grave","Aleria I 2104"
"Aleria II T. 175B Central Grave","Aleria I 1950"
"Aleria II T. 175B Central Grave","Aleria II 2759"
"Aleria II T. 175B Central Grave","Aleria I 151"
"Aleria II T. 175B Central Grave","Aleria II 2412"
"Aleria II T. 157","RF Noces Painter"
"Aleria II T. 157","Aleria I 1904"
"Aleria II T. 157","Aleria I 1599"
"Aleria II T. 157","Aleria II 2340"
"Aleria II T. 157","Athenian Agora XII n 494"
"Aleria II T. 157","Lamboglia 42A1"
"Aleria II T. 157","Aleria I 2103"
"Aleria II T. 157","Aleria I 1812"
"Aleria II T. 157","Kantharos Saint-Valentin"
"Aleria II T. 157","Aleria I 1957"
"Aleria II T. 157","Aleria II 2328"
"Aleria II T. 157","Aleria I 1801"
"Aleria II T. 157","Aleria II 2382"
"Aleria II T. 157","Aleria I 2114"
"Aleria II T. 157","Aleria II 2415"
"Aleria II T. 157","Aleria I 109"
"Aleria II T. 157","Aleria II 2406"
"Aleria II T. 157","Aleria I 1646"
"Aleria II T. 157","Athenian Agora XII n 33"
"Aleria II T. 157","Athenian Agora XII n 32"
"Aleria II T. 157","Aleria II 3504"
"Aleria II T. 157","Aleria II 3495"
"Aleria II T. 157","Aleria II 3494"
"Aleria II T. 157","Aleria II 3493"
"Aleria II T. 157","Aleria II 3492"
"Aleria II T. 157","Aleria II 3491"
"Aleria II T. 157","Aleria II 3490"
"Aleria II T. 157","Aleria II 3487"
"Aleria II T. 157","Aleria II 3486"
"Aleria II T. 157","Aleria II 3485"
"Aleria II T. 157","Aleria II 3484"
"Aleria II T. 157","Aleria II 3033"
"Aleria II T. 157","Aleria I 1575"
"Aleria II T. 157","Aleria II 2545"
"Aleria II T. 157","Aleria I 153"
"Aleria II T. 157","Aleria II 2567"
"Aleria II T. 157","Aleria II 2863"
"Aleria II T. 157","Aleria I 2041"
"Aleria II T. 155B","Aleria I 1754"
"Aleria II T. 155B","Aleria II 2419"
"Aleria II T. 155B","Aleria II 2465"
"Aleria II T. 155B","Aleria II 2949"
"Aleria II T. 155B","Aleria II 2328"
"Aleria II T. 155B","Aleria II 2407"
"Aleria II T. 155B","Aleria I 1584"
"Aleria II T. 155B","Aleria I 1988"
"Aleria II T. 155B","Aleria II 3389"
"Aleria II T. 155B","Aleria II 3010"
"Aleria II T. 155B","Aleria II 2416"
"Aleria II T. 155B","Aleria II 2382"
"Aleria II T. 155B","Aleria I 2114"
"Aleria II T. 155B","Aleria II 2375"
"Aleria II T. 155B","Aleria I 1960"
"Aleria II T. 155B","Aleria II 2315"
"Aleria II T. 155B","Aleria II 2372"
"Aleria II T. 155B","Aleria II 2406"
"Aleria II T. 155B","Aleria I 1646"
"Aleria II T. 155B","Athenian Agora XII n 541"
"Aleria II T. 155B","RF Imitation Group of Praxias"
"Aleria II T. 155B","RF Group of Praxias"
"Aleria II T. 155B","Hesperia XVIII 1949 pl 93 n 74"
"Aleria II T. 155B","Athenian Agora XII n 755"
"Aleria II T. 155B","Athenian Agora XII n 612"
"Aleria II T. 155B","Athenian Agora XII n 598"
"Aleria II T. 155B","Athenian Agora XII n 497"
"Aleria II T. 155B","Aleria II 3419"
"Aleria II T. 155B","Aleria II 3418"
"Aleria II T. 155B","Aleria II 3417"
"Aleria II T. 155B","Aleria II 3413"
"Aleria II T. 155B","Aleria II 3412"
"Aleria II T. 155B","Aleria II 3411"
"Aleria II T. 155B","Aleria II 3409"
"Aleria II T. 155B","Aleria II 3408"
"Aleria II T. 155B","Aleria II 3407"
"Aleria II T. 155B","Aleria II 3405"
"Aleria II T. 155B","Aleria II 3402"
"Aleria II T. 155B","Aleria II 3401"
"Aleria II T. 155B","Aleria II 3400"
"Aleria II T. 155B","Aleria II 3398"
"Aleria II T. 155B","Aleria II 3397"
"Aleria II T. 155B","Aleria II 3396"
"Aleria II T. 155B","Aleria II 3395"
"Aleria II T. 155B","Aleria II 3394"
"Aleria II T. 155B","Aleria II 3393"
"Aleria II T. 155B","Aleria II 3392"
"Aleria II T. 155B","Aleria II 3391"
"Aleria II T. 155B","Aleria II 3390"
"Aleria II T. 155B","Aleria I 1177"
"Aleria II T. 155B","Aleria I 108"
"Aleria II T. 155B","Aleria II 2312"
"Aleria II T. 155B","Aleria II 2318"
"Aleria II T. 155B","Aleria II 2912"
"Aleria II T. 155B","Aleria II 3182"
"Aleria II T. 155B","Aleria II 2756"
"Aleria II T. 155B","Aleria I 2031"
"Aleria II T. 155B","Aleria I 647"
"Aleria II T. 155B","Aleria I 1094"
"Aleria II T. 161C","Aleria I 1651"
"Aleria II T. 161C","Aleria II 2465"
"Aleria II T. 161C","Aleria II 3183"
"Aleria II T. 161C","Aleria II 2349"
"Aleria II T. 161C","Aleria II 2416"
"Aleria II T. 161C","Aleria II 3020"
"Aleria II T. 161C","Aleria II 3004"
"Aleria II T. 161C","Athenian Agora XII n 541"
"Aleria II T. 161C","Aleria II 2320"
"Aleria II T. 161C","Athenian Agora XII n 1150"
"Aleria II T. 161C","Athenian Agora XII n 103"
"Aleria II T. 161C","Aleria II 3627"
"Aleria II T. 161C","Aleria II 3626"
"Aleria II T. 161C","Aleria II 3625"
"Aleria II T. 161C","Aleria II 3624"
"Aleria II T. 161C","Aleria II 3623"
"Aleria II T. 161C","Aleria II 3622"
"Aleria II T. 161C","Aleria II 3620"
"Aleria II T. 161C","Aleria II 3619"
"Aleria II T. 161C","Aleria II 3618"
"Aleria II T. 161C","Aleria II 3617"
"Aleria II T. 161C","Aleria II 3621"
"Aleria II T. 161C","Aleria II 3235"
"Aleria II T. 161C","Aleria I 1732"
"Aleria II T. 161C","Athenian Agora XII n 361"
"Aleria II T. 161C","Aleria II 2845"
"Aleria II T. 161C","Aleria II 3616"
"Aleria II T. 161C","Aleria II 2311"
"Aleria II T. 161C","Aleria I 1886"
"Aleria II T. 161C","Aleria I 2046"
"Aleria II T. 161C","Aleria II 2412"
"Aleria II T. 161C","Aleria I 989"
"Aleria II T. 107","Aleria II 2371"
"Aleria II T. 107","Aleria I 2037"
"Aleria II T. 107","Aleria I 149"
"Aleria II T. 107","Aleria II 2319"
"Aleria II T. 107","Aleria II 2322"
"Aleria II T. 107","Aleria II 2315"
"Aleria II T. 107","Aleria II 2321"
"Aleria II T. 107","Aleria II 2368"
"Aleria II T. 107","Aleria II 2594"
"Aleria II T. 107","Aleria II 2320"
"Aleria II T. 107","Aleria II 2547"
"Aleria II T. 107","Aleria II 2544"
"Aleria II T. 107","Aleria I 1667"
"Aleria II T. 107","Aleria II 2318"
"Aleria II T. 107","Aleria II 3172"
"Aleria II T. 107","Aleria II 2317"
"Aleria II T. 107","Aleria I 2104"
"Aleria II T. 107","Aleria I 1923"
"Aleria II T. 107","Aleria II 2323"
"Aleria II T. 107","Aleria II 2332"
"Aleria II T. 107","RF Attic Owl Skyphos"
"Aleria II T. 107","Aleria I 1543"
"Aleria II T. 107","Aleria I 2027"
"Aleria II T. 112","Aleria II 2315"
"Aleria II T. 112","Aleria II 2333"
"Aleria II T. 112","Aleria I 2104"
"Aleria II T. 112","Aleria I 1923"
"Aleria II T. 112","Aleria II 2346"
"Aleria II T. 112","Aleria II 2345"
"Aleria II T. 112","Aleria II 2342"
"Aleria II T. 112","Aleria II 2343"
"Aleria II T. 112","RF Karlsruhe Painter"
"Aleria II T. 112","Aleria I 1774"
"Aleria II T. 112","Aleria I 646"
"Aleria II T. 144","Aleria I 1773"
"Aleria II T. 144","Aleria I 1737"
"Aleria II T. 144","Aleria II 2465"
"Aleria II T. 144","RF Splanchnoptes Painter"
"Aleria II T. 144","Aleria I 1770"
"Aleria II T. 144","Aleria I 1801"
"Aleria II T. 144","RF Eretria Painter"
"Aleria II T. 144","Aleria I 146"
"Aleria II T. 144","RF Leningrad Painter"
"Aleria II T. 144","Aleria I 2025"
"Aleria II T. 144","Aleria I 1768"
"Aleria II T. 144","Aleria II 2904"
"Aleria II T. 144","Aleria II 2382"
"Aleria II T. 144","Aleria I 2114"
"Aleria II T. 144","Aleria II 2927"
"Aleria II T. 144","Aleria II 2926"
"Aleria II T. 144","Aleria II 2925"
"Aleria II T. 144","Aleria II 2899"
"Aleria II T. 144","Aleria II 2372"
"Aleria II T. 144","Aleria II 2406"
"Aleria II T. 144","Aleria II 2321"
"Aleria II T. 144","Aleria II 2839"
"Aleria II T. 144","Aleria II 3341"
"Aleria II T. 144","Aleria II 2900"
"Aleria II T. 144","Aleria II 3012"
"Aleria II T. 144","Aleria II 2907"
"Aleria II T. 144","Aleria II 2320"
"Aleria II T. 144","Aleria II 2912"
"Aleria II T. 144","Aleria I 1923"
"Aleria II T. 144","RF Berlin Painter 2536"
"Aleria II T. 144","RF Berlin Painter"
"Aleria II T. 144","FIB Certosa Type"
"Aleria II T. 144","Athenian Agora XII n 814"
"Aleria II T. 144","Athenian Agora XII n 797"
"Aleria II T. 144","Athenian Agora XII n 490"
"Aleria II T. 144","Athenian Agora XII n 487"
"Aleria II T. 144","Aleria II 3566"
"Aleria II T. 144","Aleria II 3254"
"Aleria II T. 144","Aleria II 2972"
"Aleria II T. 144","Aleria II 2932"
"Aleria II T. 144","Aleria II 2921"
"Aleria II T. 144","Aleria II 2920"
"Aleria II T. 144","Aleria II 2919"
"Aleria II T. 144","Aleria II 2918"
"Aleria II T. 144","Aleria II 2915"
"Aleria II T. 144","Aleria II 2914"
"Aleria II T. 144","Aleria II 2910"
"Aleria II T. 144","Aleria II 2909"
"Aleria II T. 144","Aleria II 2908"
"Aleria II T. 144","Aleria II 2905"
"Aleria II T. 144","Aleria II 2903"
"Aleria II T. 144","Aleria II 2902"
"Aleria II T. 144","Aleria II 2901"
"Aleria II T. 144","Aleria I 1895"
"Aleria II T. 144","Aleria I 1579"
"Aleria II T. 144","Aleria II 3233"
"Aleria II T. 144","Lamboglia 22 (Earlier)"
"Aleria II T. 144","Aleria II 2906"
"Aleria II T. 144","Aleria II 3043"
"Aleria II T. 144","Aleria I 1950"
"Aleria II T. 144","Aleria I 110"
"Aleria II T. 144","Aleria II 2759"
"Aleria II T. 144","Aleria II 2756"
"Aleria II T. 144","Aleria I 1179"
"Aleria II T. 144","Aleria I 2031"
"Aleria II T. 144","Aleria I 989"
"Aleria II T. 144","Aleria II 2863"
"Aleria II T. 144","Aleria I 1542"
"Aleria II T. 144","Aleria I 985"
"Aleria II T. 152 1-2","Aleria I 1741"
"Aleria II T. 152 1-2","Aleria II 2319"
"Aleria II T. 152 1-2","Aleria II 2328"
"Aleria II T. 152 1-2","Aleria I 1801"
"Aleria II T. 152 1-2","RF Eretria Painter"
"Aleria II T. 152 1-2","Aleria I 146"
"Aleria II T. 152 1-2","Aleria II 3229"
"Aleria II T. 152 1-2","Aleria II 3241"
"Aleria II T. 152 1-2","Aleria II 2415"
"Aleria II T. 152 1-2","Aleria II 2948"
"Aleria II T. 152 1-2","Aleria II 2406"
"Aleria II T. 152 1-2","Aleria I 1646"
"Aleria II T. 152 1-2","Aleria II 2839"
"Aleria II T. 152 1-2","Aleria II 3246"
"Aleria II T. 152 1-2","Aleria II 2404"
"Aleria II T. 152 1-2","Aleria II 3011"
"Aleria II T. 152 1-2","Aleria I 1853"
"Aleria II T. 152 1-2","Aleria II 3033"
"Aleria II T. 152 1-2","Aleria I 1575"
"Aleria II T. 152 1-2","Aleria II 2333"
"Aleria II T. 152 1-2","Aleria II 3621"
"Aleria II T. 152 1-2","Aleria II 3235"
"Aleria II T. 152 1-2","Aleria I 1923"
"Aleria II T. 152 1-2","Aleria II 3233"
"Aleria II T. 152 1-2","RF Painter of the Louvre Centauromachy"
"Aleria II T. 152 1-2","Fibula Guzzo 1972 Classe A Type 9 p 90 pl 11"
"Aleria II T. 152 1-2","Athenian Agora XII n 1120"
"Aleria II T. 152 1-2","Aleria II 3265"
"Aleria II T. 152 1-2","Aleria II 3253"
"Aleria II T. 152 1-2","Aleria II 3248"
"Aleria II T. 152 1-2","Aleria II 3242"
"Aleria II T. 152 1-2","Aleria II 3237"
"Aleria II T. 152 1-2","Aleria II 3236"
"Aleria II T. 152 1-2","Aleria II 3234"
"Aleria II T. 152 1-2","Aleria II 3232"
"Aleria II T. 152 1-2","Aleria II 3231"
"Aleria II T. 152 1-2","Aleria II 3228"
"Aleria II T. 152 1-2","Aleria II 3227"
"Aleria II T. 152 1-2","Aleria II 3746"
"Aleria II T. 152 1-2","Aleria II 3240"
"Aleria II T. 152 1-2","Aleria II 3182"
"Aleria II T. 152 1-2","Lamboglia 22 (Earlier)"
"Aleria II T. 152 1-2","Aleria II 2906"
"Aleria II T. 152 1-2","Aleria I 1950"
"Aleria II T. 152 1-2","Aleria I 2046"
"Aleria II T. 152 1-2","RF Attic Owl Skyphos"
"Aleria II T. 152 1-2","Aleria I 1782"
"Aleria II T. 152 1-2","Aleria I 151"
"Aleria II T. 152 1-2","Lamboglia 109"
"Aleria II T. 152 1-2","Aleria II 3120"
"Aleria II T. 164A","Aleria II 3653"
"Aleria II T. 164A","Aleria I 1950"
"Aleria II T. 164A","Aleria II 2759"
"Aleria II T. 167B","Kantharos Saint-Valentin"
"Aleria II T. 167B","Aleria I 1957"
"Aleria II T. 167B","Aleria II 2416"
"Aleria II T. 167B","Aleria II 3717"
"Aleria II T. 167B","Aleria I 1516"
"Aleria II T. 167B","Aleria I 1853"
"Aleria II T. 167B","Aleria II 2545"
"Aleria II T. 167B","Aleria II 2313"
"Aleria II T. 167B","Aleria II 2353"
"Aleria II T. 167B","Aleria II 2318"
"Aleria II T. 167B","Aleria I 1923"
"Aleria II T. 167B","Athenian Agora XII n 361"
"Aleria II T. 167B","Aleria II 2845"
"Aleria II T. 167B","Aleria II 3746"
"Aleria II T. 167B","Aleria II 3240"
"Aleria II T. 167B","Athenian Agora XII n 282"
"Aleria II T. 167B","Aleria II 3750"
"Aleria II T. 167B","Aleria II 3749"
"Aleria II T. 167B","Aleria II 3748"
"Aleria II T. 167B","Aleria II 3747"
"Aleria II T. 167B","Aleria II 3745"
"Aleria II T. 167B","Aleria II 3744"
"Aleria II T. 167B","Aleria II 3743"
"Aleria II T. 167B","Aleria II 3742"
"Aleria II T. 167B","Aleria II 3740"
"Aleria II T. 167B","Aleria II 2848"
"Aleria II T. 167B","Aleria I 2105"
"Aleria II T. 167B","Aleria I 2101"
"Aleria II T. 167B","Aleria I 1092"
"Aleria II T. 106","Aleria II 2376"
"Aleria II T. 106","Aleria II 2315"
"Aleria II T. 106","Aleria II 2314"
"Aleria II T. 106","Aleria II 2951"
"Aleria II T. 106","Aleria II 2312"
"Aleria II T. 106","Aleria II 2313"
"Aleria II T. 106","Aleria II 2548"
"Aleria II T. 106","Aleria I 2104"
"Aleria II T. 106","Aleria II 2323"
"Aleria II T. 106","Aleria II 3616"
"Aleria II T. 106","Aleria II 2311"
"Aleria II T. 106","Aleria I 1886"
"Aleria II T. 106","Athenian Agora XII n 539"
"Aleria II T. 106","Ampurias vol 31/32 fig 5 p 159"
"Aleria II T. 106","Aleria II 3561"
"Aleria II T. 106","Morel 4162"
"Aleria II T. 159AB","Aleria II 3174"
"Aleria II T. 159AB","Aleria II 2350"
"Aleria II T. 159AB","Aleria II 3616"
"Aleria II T. 159AB","Aleria II 2311"
"Aleria II T. 159AB","Aleria I 1886"
"Aleria II T. 159AB","Aleria II 3561"
"Aleria II T. 159AB","Aleria II 3563"
"Aleria II T. 159AB","Aleria II 3562"
"Aleria II T. 159AB","Lamboglia 42A"
"Aleria II T. 153","Aleria II 2405"
"Aleria II T. 153","Aleria II 2349"
"Aleria II T. 153","Aleria II 2375"
"Aleria II T. 153","Aleria I 1960"
"Aleria II T. 153","Aleria I 1646"
"Aleria II T. 153","Aleria I 1516"
"Aleria II T. 153","Aleria II 3033"
"Aleria II T. 153","Aleria I 1575"
"Aleria II T. 153","Aleria II 2313"
"Aleria II T. 153","Aleria II 2353"
"Aleria II T. 153","Aleria II 3182"
"Aleria II T. 153","Aleria II 3979"
"Aleria II T. 153","Aleria II 3295"
"Aleria II T. 153","Aleria II 3288"
"Aleria II T. 153","Aleria II 3284"
"Aleria II T. 153","Aleria II 3281"
"Aleria II T. 153","Aleria II 3279"
"Aleria II T. 153","Aleria II 3278"
"Aleria II T. 153","Aleria II 3277"
"Aleria II T. 153","Aleria II 3276"
"Aleria II T. 153","Aleria II 3275"
"Aleria II T. 153","Aleria II 2389"
"Aleria II T. 153","Lamboglia 35"
"Aleria II T. 157B","Aleria I 1779"
"Aleria II T. 157B","Aleria I 1518"
"Aleria II T. 157B","Aleria II 2328"
"Aleria II T. 157B","Aleria I 1648"
"Aleria II T. 157B","Aleria I 1963"
"Aleria II T. 157B","Aleria II 3007"
"Aleria II T. 157B","Aleria I 1809"
"Aleria II T. 157B","Aleria II 2315"
"Aleria II T. 157B","Aleria II 2321"
"Aleria II T. 157B","Aleria I 1646"
"Aleria II T. 157B","Aleria II 2320"
"Aleria II T. 157B","Aleria I 1516"
"Aleria II T. 157B","Aleria II 3033"
"Aleria II T. 157B","Aleria I 1667"
"Aleria II T. 157B","Aleria II 2353"
"Aleria II T. 157B","Aleria II 2318"
"Aleria II T. 157B","Aleria II 3058"
"Aleria II T. 157B","Aleria II 2966"
"Aleria II T. 157B","Aleria I 2104"
"Aleria II T. 157B","Aleria II 3065"
"Aleria II T. 157B","Lamboglia 22 (Earlier)"
"Aleria II T. 157B","Aleria II 2906"
"Aleria II T. 157B","Aleria II 3043"
"Aleria II T. 157B","Morel 9411"
"Aleria II T. 157B","Morel 3682a"
"Aleria II T. 157B","CVA Mannehim pl 33 6"
"Aleria II T. 157B","Athenian Agora XII n 949"
"Aleria II T. 157B","Athenian Agora XII n 944"
"Aleria II T. 157B","Athenian Agora XII n 804"
"Aleria II T. 157B","Aleria II 3056"
"Aleria II T. 157B","Aleria II 3053"
"Aleria II T. 157B","Aleria II 3052"
"Aleria II T. 157B","Aleria II 3049"
"Aleria II T. 157B","Aleria II 3048"
"Aleria II T. 157B","Aleria II 3047"
"Aleria II T. 157B","Aleria II 3046"
"Aleria II T. 157B","Aleria II 3045"
"Aleria II T. 157B","Aleria II 3044"
"Aleria II T. 157B","Aleria II 3042"
"Aleria II T. 157B","Aleria II 3039"
"Aleria II T. 157B","Aleria II 3038"
"Aleria II T. 157B","Aleria II 3037"
"Aleria II T. 157B","Aleria II 3036"
"Aleria II T. 157B","Aleria II 3300"
"Aleria II T. 157B","Aleria II 3040"
"Aleria II T. 157B","Aleria I 1545"
"Aleria II T. 157B","Aleria I 1361"
"Aleria II T. 157B","Aleria I 1222"
"Aleria I T. 94","Lamboglia 42A1"
"Aleria I T. 94","Aleria I 1664"
"Aleria I T. 94","Aleria I 1571"
"Aleria I T. 94","Aleria I 2063"
"Aleria I T. 94","Aleria I 2065"
"Aleria I T. 94","Aleria I 1535"
"Aleria I T. 94","Aleria I 2064"
"Aleria II T. 110","Aleria I 149"
"Aleria II T. 110","Aleria II 2333"
"Aleria II T. 110","Aleria I 1923"
"Aleria II T. 110","Aleria I 1732"
"Aleria II T. 110","Aleria II 2332"
"Aleria II T. 110","Aleria II 2343"
"Aleria II T. 110","Aleria II 3185"
"Aleria II T. 110","Aleria II 2334"
"Aleria II T. 110","Aleria II 2331"
"Aleria II T. 110","Aleria I 1883"
"Aleria II T. 110","RF Attic Owl Skyphos"
"Aleria II T. 110","Aleria II 3103"
"Aleria I T. 9","Aleria I 109"
"Aleria I T. 9","Aleria I 108"
"Aleria I T. 9","Aleria I 2104"
"Aleria I T. 9","Aleria I 110"
"Aleria I T. 9","RF Panaitios Painter"
"Aleria I T. 9","Aleria I 2111"
"Aleria I T. 9","Aleria I 2110"
"Aleria I T. 9","Aleria I 1907"
"Aleria I T. 9","Aleria I 1788"
"Aleria I T. 9","Aleria I 1753"
"Aleria I T. 9","Aleria I 1588"
"Aleria I T. 9","Aleria I 1582"
"Aleria I T. 9","Aleria I 107"
"Aleria I T. 9","Aleria  I 2071"
"Aleria I T. 9","Aleria I 1538"
"Aleria I T. 45","RF Karlsruhe Painter"
"Aleria I T. 45","Aleria I 1774"
"Aleria I T. 45","Aleria I 646"
"Aleria I T. 45","Aleria I 1973"
"Aleria I T. 45","Aleria I 647"
"Aleria I T. 45","Aleria I 1542"
"Aleria I T. 93","Aleria I 153"
"Aleria I T. 93","Aleria I 1572"
"Aleria I T. 93","Aleria I 2046"
"Aleria I T. 93","Aleria I 2051"
"Aleria I T. 93","Aleria I 2050"
"Aleria I T. 93","Aleria I 1536"
"Aleria I T. 93","Aleria I 2049"
"Aleria I T. 93","Aleria I 2144"
"Aleria II T. 109","RF School of the Penthesilea Painter"
"Aleria II T. 109","Aleria I 651"
"Aleria II T. 109","Aleria I 147"
"Aleria II T. 109","Aleria II 2326"
"Aleria II T. 109","Aleria II 2370"
"Aleria II T. 109","Morel 7112"
"Aleria II T. 109","Aleria II 2327"
"Aleria II T. 109","Aleria II 2493"
"Aleria II T. 109","Aleria I 945"
"Aleria II T. 154AB","Aleria I 1950"
"Aleria II T. 154AB","Aleria II 2759"
"Aleria II T. 154AB","Aleria II 2756"
"Aleria II T. 154AB","Aleria I 1179"
"Aleria II T. 154AB","Aleria II 2567"
"Aleria II T. 154AB","Aleria II 3300"
"Aleria II T. 154AB","Aleria II 3040"
"Aleria II T. 154AB","Athenian Agora XII n 887"
"Aleria II T. 154AB","Aleria II 3306"
"Aleria II T. 154AB","Aleria II 3304"
"Aleria II T. 154AB","Aleria II 3302"
"Aleria II T. 154AB","Aleria II 3301"
"Aleria II T. 154AB","Aleria II 3299"
"Aleria II T. 154AB","Aleria II 3297"
"Aleria II T. 154AB","Aleria II 2566"
"Aleria II T. 154AB","Aleria II 3298"
"Aleria II T. 154AB","Aleria II 2653"
"Aleria II T. 154AB","Aleria I 1456"
"Aleria I T. 83","Aleria I 1543"
"Aleria I T. 83","Aleria I 1535"
"Aleria I T. 83","Aleria I 1536"
"Aleria I T. 83","Aleria I 2027"
"Aleria I T. 83","Aleria I 1545"
"Aleria I T. 83","Aleria I 2064"
"Aleria I T. 83","Aleria I 2049"
"Aleria I T. 83","Aleria I 647"
"Aleria I T. 83","Aleria I 1542"
"Aleria I T. 83","Aleria I 1538"
"Aleria I T. 83","Aleria I 1544"
"Aleria I T. 83","Lamboglia 34"
"Aleria I T. 83","Aleria I 2071"
"Aleria I T. 83","Aleria I 2048"
"Aleria I T. 83","Aleria I 2028"
"Aleria I T. 83","Aleria I 1539"
"Aleria I T. 83","Aleria I 1532"
"Aleria I T. 83","Aleria I 1533"
"Aleria I T. 83","Aleria I 1132"
"Aleria I T. 83","Aleria I 1534"
"Aleria I T. 83","Aleria I 315"
"Aleria I T. 83","Lamboglia 107D"
"Aleria I T. 83","Aleria I 84"
"Aleria I T. 83","Lamboglia 58"
"Aleria I T. 83","Aleria I 689"
"Aleria I T. 11","Aleria I 1782"
"Aleria I T. 11","Lamboglia 109"
"Aleria I T. 11","Aleria I 2031"
"Aleria I T. 11","Aleria I 127"
"Aleria I T. 11","Aleria I 123"
"Aleria I T. 11","Aleria I 124"
"Aleria I T. 11","Aleria I 1039"
"Aleria I T. 11","Aleria I 1038"
"Aleria I T. 11","Lamboglia 29"
"Aleria I T. 11","Aleria I 126"
"Aleria I T. 11","Aleria I 125"
"Aleria I T. 11","Aleria I 115"
"Aleria II T. 114","Aleria I 1538"
"Aleria II T. 114","Aleria II 2360"
"Aleria II T. 114","Aleria II 2816"
"Aleria II T. 114","Aleria II 2364"
"Aleria II T. 114","Aleria II 2361"
"Aleria II T. 114","Aleria I 945"
"Aleria I T. 59","Aleria I 124"
"Aleria I T. 59","Aleria I 1039"
"Aleria I T. 59","Aleria I 1038"
"Aleria I T. 59","Aleria I 2059"
"Aleria I T. 59","Aleria I 1522"
"Aleria I T. 59","Aleria I 1054"
"Aleria I T. 59","Aleria I 1046"
"Aleria I T. 59","Aleria I 1043"
"Aleria I T. 59","Aleria I 1042"
"Aleria I T. 59","Aleria I 749"
"Aleria I T. 59","Aleria I 1105"
"Aleria I T. 59","Aleria I 1104"
"Aleria I T. 59","Aleria I 1037"
"Aleria I T. 59","Aleria I 748"
"Aleria I T. 59","Aleria I 1041"
"Aleria I T. 59","RF Sokra Group"
"Aleria II T. 174 Dromos","Aleria II 3298"
"Aleria II T. 174 Dromos","Morel 8162b"
"Aleria II T. 174 Dromos","Aleria II 4046"
"Aleria II T. 174 Dromos","Aleria II 4045"
"Aleria II T. 174 Dromos","Aleria II 4044"
"Aleria II T. 174 Dromos","Aleria II 3938"
"Aleria II T. 174 Dromos","Aleria I 179"
"Aleria II T. 174 Dromos","Aleria II 4048"
"Aleria II T. 174 Dromos","Aleria II 3698"
"Aleria II T. 174 Dromos","Aleria II 3798"
"Aleria II T. 174 Dromos","Aleria II 4049"
"Aleria II T. 174 Dromos","Aleria II 3838"
"Aleria II T. 174 Dromos","Aleria II 3522"
"Aleria II T. 174 Dromos","Aleria I 784"
"Aleria II T. 143","Aleria II 2898"
"Aleria II T. 143","Aleria II 2896"
"Aleria II T. 143","Aleria II 2894"
"Aleria II T. 143","Aleria II 2897"
"Aleria II T. 143","Aleria II 4116"
"Aleria II T. 143","Aleria II 2893"
"Aleria II T. 143","Aleria II 2895"
"Aleria II T. 143","Aleria II 2632"
"Aleria II T. 143","Aleria II 2600"
"Aleria II T. 143","Aleria I 564"
"Aleria II T. 143","Aleria I 2155"
"Aleria II T. 143","Aleria II 2442"
"Aleria II T. 143","Aleria II 3473"
"Aleria II T. 143","Aleria I 1151"
"Aleria II T. 143","Aleria I 172"
"Aleria II T. 143","Morel 4283"
"Aleria II T. 143","Aleria I 315"
"Aleria II T. 164B","Aleria I 1222"
"Aleria II T. 164B","Aleria II 4048"
"Aleria II T. 164B","Aleria II 3698"
"Aleria II T. 164B","Morel 4232"
"Aleria II T. 164B","Morel 2786"
"Aleria II T. 164B","Morel 2271"
"Aleria II T. 164B","Aleria II 4408"
"Aleria II T. 164B","Aleria II 3703"
"Aleria II T. 164B","Aleria II 3699"
"Aleria II T. 164B","Aleria II 3693"
"Aleria II T. 164B","Aleria II 3692"
"Aleria II T. 164B","Aleria II 3686"
"Aleria II T. 164B","Aleria II 3685"
"Aleria II T. 164B","Aleria II 3684"
"Aleria II T. 164B","Aleria II 3682"
"Aleria II T. 164B","Aleria II 3681"
"Aleria II T. 164B","Aleria II 3679"
"Aleria II T. 164B","Aleria II 3678"
"Aleria II T. 164B","Aleria II 3676"
"Aleria II T. 164B","Aleria II 3675"
"Aleria II T. 164B","Aleria II 3674"
"Aleria II T. 164B","Aleria II 3670"
"Aleria II T. 164B","Aleria II 3666"
"Aleria II T. 164B","Aleria II 3665"
"Aleria II T. 164B","Aleria II 3663"
"Aleria II T. 164B","Aleria II 3448"
"Aleria II T. 164B","Aleria II 3447"
"Aleria II T. 164B","Aleria II 3097"
"Aleria II T. 164B","Aleria I 2143"
"Aleria II T. 164B","Aleria II 3697"
"Aleria II T. 164B","Aleria II 3696"
"Aleria II T. 164B","Aleria II 3695"
"Aleria II T. 164B","Aleria II 3690"
"Aleria II T. 164B","Aleria II 3689"
"Aleria II T. 164B","Aleria II 3667"
"Aleria II T. 164B","Aleria II 3100"
"Aleria II T. 164B","Aleria II 3071"
"Aleria II T. 164B","Aleria I 996"
"Aleria II T. 164B","Aleria II 3661"
"Aleria II T. 164B","Aleria II 3094"
"Aleria II T. 164B","Aleria II 3099"
"Aleria II T. 164B","Aleria II 2617"
"Aleria II T. 164B","Aleria II 3077"
"Aleria II T. 164B","Aleria II 2432"
"Aleria II T. 164B","Aleria II 3801"
"Aleria II T. 164B","Aleria II 3701"
"Aleria II T. 164B","Aleria II 3680"
"Aleria II T. 164B","Aleria II 3677"
"Aleria II T. 164B","Aleria I 1224"
"Aleria II T. 164B","Aleria II 3884"
"Aleria II T. 164B","Morel 5416d"
"Aleria II T. 164B","Aleria II 4183"
"Aleria II T. 164B","Aleria II 3683"
"Aleria II T. 164B","Aleria II 2612"
"Aleria II T. 164B","Aleria I 1148"
"Aleria II T. 164B","Aleria II 3072"
"Aleria II T. 164B","Aleria II 2601"
"Aleria II T. 164B","Aleria I 1244"
"Aleria II T. 164B","Aleria I 1109"
"Aleria II T. 164B","Aleria II 3093"
"Aleria II T. 164B","Aleria II 2522"
"Aleria II T. 164B","Aleria II 2517"
"Aleria II T. 164B","Aleria I 652"
"Aleria II T. 164B","Aleria I 710"
"Aleria II T. 164B","Aleria I 171"
"Aleria II T. 164B","Aleria I 950"
"Aleria II T. 164B","Aleria I 178"
"Aleria II T. 164B","Lamboglia 21/27"
"Aleria II T. 164B","Morel 2783"
"Aleria II T. 164B","Aleria I 90"
"Aleria II T. 164B","Morel 2783g"
"Aleria II T. 164B","Aleria I 863"
"Aleria II T. 164B","Aleria I 1238"
"Aleria II T. 164B","Aleria I 656"
"Aleria II T. 128B","Aleria II 2897"
"Aleria II T. 128B","Aleria II 3697"
"Aleria II T. 128B","Aleria II 2666"
"Aleria II T. 128B","Aleria II 2600"
"Aleria II T. 128B","Aleria II 2602"
"Aleria II T. 128B","Aleria I 2155"
"Aleria II T. 128B","Aleria II 2601"
"Aleria II T. 128B","Aleria I 1151"
"Aleria II T. 128B","Aleria I 796"
"Aleria II T. 147C","Aleria I 151"
"Aleria II T. 147C","Aleria I 2041"
"Aleria II T. 147C","Aleria I 1043"
"Aleria II T. 147C","Aleria I 1042"
"Aleria II T. 147C","Aleria I 1037"
"Aleria II T. 147C","Aleria II 3696"
"Aleria II T. 147C","Aleria II 3695"
"Aleria II T. 147C","Aleria II 3690"
"Aleria II T. 147C","Aleria II 3689"
"Aleria II T. 147C","Aleria II 3667"
"Aleria II T. 147C","Aleria II 3100"
"Aleria II T. 147C","Aleria II 3071"
"Aleria II T. 147C","Aleria II 4223"
"Aleria II T. 147C","Aleria II 4222"
"Aleria II T. 147C","Aleria II 4217"
"Aleria II T. 147C","Aleria II 4216"
"Aleria II T. 147C","Aleria II 3098"
"Aleria II T. 147C","Aleria II 3096"
"Aleria II T. 147C","Aleria II 3095"
"Aleria II T. 147C","Aleria II 3089"
"Aleria II T. 147C","Aleria II 3088"
"Aleria II T. 147C","Aleria II 3087"
"Aleria II T. 147C","Aleria II 3086"
"Aleria II T. 147C","Aleria II 3084"
"Aleria II T. 147C","Aleria II 3083"
"Aleria II T. 147C","Aleria II 3081"
"Aleria II T. 147C","Aleria II 3080"
"Aleria II T. 147C","Aleria II 3079"
"Aleria II T. 147C","Aleria II 3076"
"Aleria II T. 147C","Aleria II 3070"
"Aleria II T. 147C","Aleria II 3069"
"Aleria II T. 147C","Aleria II 3066"
"Aleria II T. 147C","Aleria II 3068"
"Aleria II T. 147C","Aleria II 2484"
"Aleria II T. 147C","Aleria II 4116"
"Aleria II T. 147C","Aleria II 2893"
"Aleria II T. 147C","Aleria II 2492"
"Aleria II T. 147C","Aleria II 3085"
"Aleria II T. 147C","Aleria II 3067"
"Aleria II T. 147C","Aleria II 3094"
"Aleria II T. 147C","Aleria II 3099"
"Aleria II T. 147C","Aleria II 2617"
"Aleria II T. 147C","Morel 3521"
"Aleria II T. 147C","Aleria II 3077"
"Aleria II T. 147C","Aleria II 2441"
"Aleria II T. 147C","Aleria II 2600"
"Aleria II T. 147C","Aleria II 2431"
"Aleria II T. 147C","Aleria II 3327"
"Aleria II T. 147C","Aleria II 2432"
"Aleria II T. 147C","Aleria II 2618"
"Aleria II T. 147C","Lamboglia 43A1"
"Aleria II T. 147C","Aleria I 1096"
"Aleria II T. 147C","Aleria I 1117"
"Aleria II T. 147C","RF Tarquinia Painter"
"Aleria II T. 147C","Aleria I 945"
"Aleria II T. 147C","Aleria I 1224"
"Aleria II T. 147C","RF Sokra Group"
"Aleria II T. 147C","Aleria II 3072"
"Aleria II T. 147C","Aleria I 993"
"Aleria II T. 147C","Aleria I 769"
"Aleria II T. 147C","Aleria I 1109"
"Aleria II T. 147C","Aleria I 1151"
"Aleria II T. 147C","Aleria II 2639"
"Aleria II T. 147C","Aleria II 3093"
"Aleria II T. 147C","Aleria I 390"
"Aleria II T. 147C","Aleria II 2448"
"Aleria II T. 147C","Aleria II 2503"
"Aleria II T. 147C","Aleria I 178"
"Aleria II T. 147C","Lamboglia 40E2"
"Aleria II T. 147C","Aleria I 167"
"Aleria II T. 147C","Genucilia"
"Aleria II T. 147C","Aleria I 863"
"Aleria II T. 147C","Ferrara T. 585 Group"
"Aleria II T. 147C","Aleria I 285"
"Aleria II T. 147C","Aleria II 3438"
"Aleria II T. 147C","Aleria II 3437"
"Aleria II T. 147C","Aleria II 3436"
"Aleria II T. 147C","Aleria II 3078"
"Aleria II T. 147C","Aleria II 3075"
"Aleria II T. 122A","Aleria II 2412"
"Aleria II T. 122A","Morel 4162"
"Aleria II T. 122A","Aleria II 2493"
"Aleria II T. 122A","Aleria II 4049"
"Aleria II T. 122A","Aleria II 3068"
"Aleria II T. 122A","Aleria II 2484"
"Aleria II T. 122A","Ridgway 1979 p. 346 fig. 24"
"Aleria II T. 122A","Pianu 1988 p. 56 pl. li, 93"
"Aleria II T. 122A","Oziol 1969 p 36 pl II"
"Aleria II T. 122A","Morel 5450"
"Aleria II T. 122A","Morel 2771d"
"Aleria II T. 122A","Gnathian Imitiation"
"Aleria II T. 122A","Gnathian"
"Aleria II T. 122A","Athenian Agora XII n 830"
"Aleria II T. 122A","Athenian Agora XII n 829"
"Aleria II T. 122A","Athenian Agora XII n 828"
"Aleria II T. 122A","Aleria II 3435"
"Aleria II T. 122A","Aleria II 2497"
"Aleria II T. 122A","Aleria II 2489"
"Aleria II T. 122A","Aleria II 2488"
"Aleria II T. 122A","Aleria II 2487"
"Aleria II T. 122A","Aleria II 2485"
"Aleria II T. 122A","Aleria II 2483"
"Aleria II T. 122A","Aleria II 2482"
"Aleria II T. 122A","Aleria II 2480"
"Aleria II T. 122A","Aleria II 2478"
"Aleria II T. 122A","Aleria II 2494"
"Aleria II T. 122A","Aleria II 2492"
"Aleria II T. 122A","Aleria II 2456"
"Aleria II T. 122A","Aleria I 367"
"Aleria II T. 122A","Aleria II 2648"
"Aleria II T. 122A","Aleria II 2645"
"Aleria II T. 122A","Aleria II 2640"
"Aleria II T. 122A","Aleria II 2608"
"Aleria II T. 122A","Aleria II 2607"
"Aleria II T. 122A","Aleria II 2491"
"Aleria II T. 122A","Aleria II 2479"
"Aleria II T. 122A","Aleria II 2618"
"Aleria II T. 122A","Aleria I 797"
"Aleria II T. 122A","Aleria II 2477"
"Aleria II T. 122A","Lamboglia 43A1"
"Aleria II T. 122A","RF Grotta Ferrata Painter"
"Aleria II T. 122A","RF Etruscan Krater Fluid Group"
"Aleria II T. 122A","Aleria II 3765"
"Aleria II T. 122A","Aleria II 2481"
"Aleria II T. 122A","RF Ostia Painter"
"Aleria II T. 122A","Aleria II 2440"
"Aleria II T. 122A","Morel 2771"
"Aleria II T. 122A","RF Florence Painter"
"Aleria II T. 122A","Aleria II 2490"
"Aleria II T. 122A","Aleria I 802"
"Aleria II T. 122A","Aleria I 2075"
"Aleria II T. 122A","Aleria II 2486"
"Aleria II T. 122A","Lamboglia 70"
"Aleria II T. 122A","Aleria II 3923"
"Aleria II T. 122A","Aleria I 801"
"Aleria II T. 122A","Aleria I 1150"
"Aleria II T. 122A","Aleria I 778"
"Aleria II T. 122A","Aleria I 682"
"Aleria II T. 122A","Aleria I 885"
"Aleria II T. 122A","Aleria I 354"
"Aleria II T. 122A","Aleria II 2496"
"Aleria II T. 122A","Aleria II 3615"
"Aleria II T. 122A","Lamboglia 21"
"Aleria II T. 122A","Aleria I 89"
"Aleria II T. 122A","Genucilia"
"Aleria II T. 122A","Aleria I 94"
"Aleria II T. 122A","Aleria I 391"
"Aleria II T. 122A","Aleria I 498"
"Aleria II T. 122A","Gnathian Style"
"Aleria II T. 119","Aleria II 2653"
"Aleria II T. 119","Aleria II 2478"
"Aleria II T. 119","Aleria II 2532"
"Aleria II T. 119","Aleria II 2464"
"Aleria II T. 119","Aleria II 2459"
"Aleria II T. 119","Aleria II 2457"
"Aleria II T. 119","Aleria II 2456"
"Aleria II T. 119","Aleria I 367"
"Aleria II T. 119","Aleria II 2461"
"Aleria II T. 119","Aleria I 360"
"Aleria II T. 119","Aleria II 2435"
"Aleria II T. 119","Aleria II 2602"
"Aleria II T. 119","RF Caeretan Painter of the Dotted Hem"
"Aleria II T. 119","Morel 4242d"
"Aleria II T. 119","Aleria II 2523"
"Aleria II T. 119","Aleria II 2458"
"Aleria II T. 119","Aleria I 757"
"Aleria II T. 119","Lamboglia 125"
"Aleria II T. 119","Aleria I 725"
"Aleria II T. 119","Aleria II 2714"
"Aleria II T. 140","Aleria I 2144"
"Aleria II T. 140","Aleria II 2816"
"Aleria II T. 140","Aleria II 2364"
"Aleria II T. 140","Aleria II 2492"
"Aleria II T. 140","Morel 5451c"
"Aleria II T. 140","Morel 4524c"
"Aleria II T. 140","Lamboglia 44"
"Aleria II T. 140","Aleria II 2814"
"Aleria II T. 140","Aleria II 2813"
"Aleria II T. 140","Aleria II 2812"
"Aleria II T. 140","Aleria II 2811"
"Aleria II T. 140","Aleria II 2815"
"Aleria II T. 140","Aleria II 2818"
"Aleria II T. 140","Aleria II 2809"
"Aleria II T. 140","Aleria II 2441"
"Aleria II T. 140","Aleria II 2810"
"Aleria II T. 140","Aleria II 2618"
"Aleria II T. 140","Aleria II 2652"
"Aleria II T. 140","Aleria I 945"
"Aleria II T. 140","Aleria II 2490"
"Aleria II T. 140","Lamboglia 70"
"Aleria II T. 140","Aleria II 3321"
"Aleria II T. 140","Aleria I 2076"
"Aleria II T. 140","Aleria I 2033"
"Aleria II T. 140","Aleria I 1241"
"Aleria II T. 140","Aleria I 357"
"Aleria II T. 140","Aleria I 653"
"Aleria II T. 140","Lamboglia 25"
"Aleria II T. 140","Aleria I 771"
"Aleria II T. 140","Lamboglia 35"
"Aleria II T. 140","Aleria I 983"
"Aleria II T. 118C","Aleria I 1092"
"Aleria II T. 118C","Aleria II 2361"
"Aleria II T. 118C","Aleria II 2494"
"Aleria II T. 118C","Aleria II 2457"
"Aleria II T. 118C","Aleria II 2815"
"Aleria II T. 118C","Lamboglia 42"
"Aleria II T. 118C","Aleria II 3147"
"Aleria II T. 118C","Aleria II 3146"
"Aleria II T. 118C","Aleria II 2495"
"Aleria II T. 118C","Aleria II 2446"
"Aleria II T. 118C","Aleria II 2438"
"Aleria II T. 118C","Aleria II 2437"
"Aleria II T. 118C","Aleria II 2434"
"Aleria II T. 118C","Aleria II 2433"
"Aleria II T. 118C","Aleria II 2429"
"Aleria II T. 118C","Aleria II 2428"
"Aleria II T. 118C","Aleria II 2614"
"Aleria II T. 118C","Aleria II 2613"
"Aleria II T. 118C","Aleria II 2430"
"Aleria II T. 118C","Aleria II 2441"
"Aleria II T. 118C","Aleria II 2431"
"Aleria II T. 118C","Aleria II 2432"
"Aleria II T. 118C","Aleria II 2435"
"Aleria II T. 118C","Lamboglia 43A1"
"Aleria II T. 118C","Aleria I 1096"
"Aleria II T. 118C","Aleria I 1041"
"Aleria II T. 118C","RF Tarquinia Painter"
"Aleria II T. 118C","Aleria II 2440"
"Aleria II T. 118C","Aleria I 945"
"Aleria II T. 118C","Aleria I 769"
"Aleria II T. 118C","Aleria I 1456"
"Aleria II T. 118C","Aleria II 3315"
"Aleria II T. 118C","Aleria II 3145"
"Aleria II T. 118C","Aleria I 757"
"Aleria II T. 118C","Aleria I 1115"
"Aleria II T. 118C","Aleria II 2512"
"Aleria II T. 118C","Aleria II 2771"
"Aleria II T. 118C","Aleria I 178"
"Aleria II T. 118C","Aleria I 987"
"Aleria II T. 118C","Aleria I 1399"
"Aleria II T. 118C","Genucilia"
"Aleria II T. 118C","Aleria I 1212"
"Aleria II T. 118C","RF Phantom Group"
"Aleria I T. 17","Aleria I 942"
"Aleria I T. 17","Aleria I 542"
"Aleria I T. 17","Aleria I 2167"
"Aleria I T. 17","Aleria I 2166"
"Aleria I T. 17","Aleria I 173"
"Aleria I T. 17","Aleria I 172"
"Aleria I T. 17","Aleria I 442"
"Aleria I T. 17","Aleria I 1229"
"Aleria I T. 17","Aleria I 174"
"Aleria I T. 55","RF Attic Owl Skyphos"
"Aleria I T. 55","Aleria I 996"
"Aleria I T. 55","Lamboglia 61B"
"Aleria I T. 55","Lamboglia 43"
"Aleria I T. 55","Aleria I 995"
"Aleria I T. 55","Aleria I 1200"
"Aleria I T. 55","Aleria I 1199"
"Aleria I T. 55","Aleria I 1107"
"Aleria I T. 55","Aleria I 1000"
"Aleria I T. 55","Aleria I 564"
"Aleria I T. 55","Aleria I 997"
"Aleria I T. 55","Aleria I 994"
"Aleria I T. 55","Aleria I 1119"
"Aleria I T. 55","RF Florence Painter"
"Aleria I T. 55","Aleria I 993"
"Aleria I T. 55","Aleria I 1109"
"Aleria I T. 55","Aleria I 992"
"Aleria I T. 55","Aleria I 714"
"Aleria I T. 55","Aleria I 383"
"Aleria I T. 55","Genucilia"
"Aleria I T. 55","Aleria I 998"
"Aleria I T. 55","RF Phantom Group"
"Aleria II T. 129B","Aleria II 2653"
"Aleria II T. 129B","Aleria I 1534"
"Aleria II T. 129B","Aleria II 2493"
"Aleria II T. 129B","Aleria I 1222"
"Aleria II T. 129B","Aleria I 748"
"Aleria II T. 129B","Aleria II 2895"
"Aleria II T. 129B","Aleria II 2632"
"Aleria II T. 129B","Aleria II 3661"
"Aleria II T. 129B","Aleria II 2492"
"Aleria II T. 129B","Aleria II 2666"
"Aleria II T. 129B","Aleria II 2456"
"Aleria II T. 129B","Aleria I 367"
"Aleria II T. 129B","Aleria II 3085"
"Aleria II T. 129B","Aleria II 3067"
"Aleria II T. 129B","Aleria II 2648"
"Aleria II T. 129B","Aleria II 2645"
"Aleria II T. 129B","Aleria II 2640"
"Aleria II T. 129B","Aleria II 2608"
"Aleria II T. 129B","Aleria II 2607"
"Aleria II T. 129B","Aleria II 2491"
"Aleria II T. 129B","Aleria II 2479"
"Aleria II T. 129B","Aleria II 2461"
"Aleria II T. 129B","Aleria I 360"
"Aleria II T. 129B","Aleria II 2818"
"Aleria II T. 129B","Aleria II 2809"
"Aleria II T. 129B","Aleria II 2617"
"Aleria II T. 129B","Aleria II 2614"
"Aleria II T. 129B","Aleria II 2613"
"Aleria II T. 129B","Aleria II 2430"
"Aleria II T. 129B","RG Berkeley Painter"
"Aleria II T. 129B","RF Etruscan Krater Foied Group"
"Aleria II T. 129B","RF Caeretan Painter of the Frontal Satyr"
"Aleria II T. 129B","Oziol 1980 p 11 n 11 pl I, XIV"
"Aleria II T. 129B","Morel 8312a"
"Aleria II T. 129B","Morel 5451"
"Aleria II T. 129B","Morel 4711"
"Aleria II T. 129B","Morel 4631a"
"Aleria II T. 129B","Morel 2761"
"Aleria II T. 129B","Morel 2222"
"Aleria II T. 129B","Morel 2221"
"Aleria II T. 129B","Morel 2220"
"Aleria II T. 129B","Lamboglia 107E"
"Aleria II T. 129B","Aleria II 3662"
"Aleria II T. 129B","Aleria II 2651"
"Aleria II T. 129B","Aleria II 2646"
"Aleria II T. 129B","Aleria II 2644"
"Aleria II T. 129B","Aleria II 2643"
"Aleria II T. 129B","Aleria II 2637"
"Aleria II T. 129B","Aleria II 2635"
"Aleria II T. 129B","Aleria II 2622-2631"
"Aleria II T. 129B","Aleria II 2621"
"Aleria II T. 129B","Aleria II 2620"
"Aleria II T. 129B","Aleria II 2616a"
"Aleria II T. 129B","Aleria II 2615"
"Aleria II T. 129B","Aleria II 2611"
"Aleria II T. 129B","Aleria II 2610"
"Aleria II T. 129B","Aleria II 2609"
"Aleria II T. 129B","Aleria I 456"
"Aleria II T. 129B","Aleria II 2431"
"Aleria II T. 129B","Aleria II 2618"
"Aleria II T. 129B","Aleria I 797"
"Aleria II T. 129B","Aleria II 2477"
"Aleria II T. 129B","Aleria II 2652"
"Aleria II T. 129B","Aleria I 1096"
"Aleria II T. 129B","Aleria II 2602"
"Aleria II T. 129B","Aleria II 2650"
"Aleria II T. 129B","Aleria II 2649"
"Aleria II T. 129B","Aleria I 1103"
"Aleria II T. 129B","Aleria I 1106"
"Aleria II T. 129B","RF Florence Painter"
"Aleria II T. 129B","Aleria II 2490"
"Aleria II T. 129B","Aleria II 2612"
"Aleria II T. 129B","Aleria I 802"
"Aleria II T. 129B","Aleria II 3968"
"Aleria II T. 129B","Aleria II 3949"
"Aleria II T. 129B","Aleria II 2619"
"Aleria II T. 129B","Aleria I 1421"
"Aleria II T. 129B","Aleria II 2486"
"Aleria II T. 129B","Aleria II 3788"
"Aleria II T. 129B","Aleria I 665"
"Aleria II T. 129B","Lamboglia 70"
"Aleria II T. 129B","Aleria II 2639"
"Aleria II T. 129B","Aleria I 1456"
"Aleria II T. 129B","Aleria I 2076"
"Aleria II T. 129B","Aleria II 2786"
"Aleria II T. 129B","Aleria I 1150"
"Aleria II T. 129B","Aleria I 796"
"Aleria II T. 129B","Aleria I 2033"
"Aleria II T. 129B","Morel 3521a"
"Aleria II T. 129B","Aleria I 1221"
"Aleria II T. 129B","Aleria II 2636"
"Aleria II T. 129B","Morel 2681"
"Aleria II T. 129B","Aleria I 885"
"Aleria II T. 129B","Aleria I 357"
"Aleria II T. 129B","Aleria II 2737"
"Aleria II T. 129B","Aleria II 2638"
"Aleria II T. 129B","Aleria I 1631"
"Aleria II T. 129B","Lamboglia 22"
"Aleria II T. 129B","Lamboglia 40E2"
"Aleria II T. 129B","Lamboglia 21"
"Aleria II T. 129B","Aleria I 449"
"Aleria II T. 129B","Aleria I 1400"
"Aleria II T. 129B","Genucilia"
"Aleria II T. 129B","Aleria I 1363"
"Aleria II T. 129B","Jehasse 116"
"Aleria II T. 129B","Aleria I 433"
"Aleria II T. 129B","Lamboglia 133"
"Aleria II T. 129B","Aleria I 898"
"Aleria II T. 176B Southeast Deposit","Aleria II 4116"
"Aleria II T. 176B Southeast Deposit","Aleria II 2893"
"Aleria II T. 176B Southeast Deposit","Aleria II 4128"
"Aleria II T. 176B Southeast Deposit","Aleria II 4127"
"Aleria II T. 176B Southeast Deposit","Aleria II 4126"
"Aleria II T. 176B Southeast Deposit","Aleria II 4125"
"Aleria II T. 176B Southeast Deposit","Aleria II 4124"
"Aleria II T. 176B Southeast Deposit","Aleria II 4122"
"Aleria II T. 176B Southeast Deposit","Aleria II 4121"
"Aleria II T. 176B Southeast Deposit","Aleria II 4120"
"Aleria II T. 176B Southeast Deposit","Aleria II 4117"
"Aleria II T. 176B Southeast Deposit","Aleria II 4115"
"Aleria II T. 176B Southeast Deposit","Aleria II 4114"
"Aleria II T. 176B Southeast Deposit","Aleria II 4009"
"Aleria II T. 176B Southeast Deposit","Aleria II 4142"
"Aleria II T. 176B Southeast Deposit","Aleria II 3956"
"Aleria II T. 176B Southeast Deposit","Morel 1121b"
"Aleria II T. 176B Southeast Deposit","Aleria II 4100"
"Aleria II T. 176B Southeast Deposit","Aleria II 4092"
"Aleria II T. 176B Southeast Deposit","Aleria II 4123"
"Aleria II T. 176B Southeast Deposit","Teano Style"
"Aleria II T. 176B Southeast Deposit","Aleria I 754"
"Aleria II T. 176B Southeast Deposit","Aleria I 880"
"Aleria II T. 176B Southeast Deposit","Aleria II 4101"
"Aleria II T. 176B Southeast Deposit","Lamboglia 23"
"Aleria II T. 176B Southeast Deposit","Aleria I 80"
"Aleria II T. 176B Southeast Deposit","Aleria I 65"
"Aleria II T. 174 Group 1","Aleria II 2810"
"Aleria II T. 174 Group 1","Aleria II 2477"
"Aleria II T. 174 Group 1","Morel 2771b"
"Aleria II T. 174 Group 1","Lamboglia 43A1"
"Aleria II T. 174 Group 1","Guzzo 1972 Class D4 Type1"
"Aleria II T. 174 Group 1","Aleria II 3996"
"Aleria II T. 174 Group 1","Aleria II 3994"
"Aleria II T. 174 Group 1","Aleria II 3990"
"Aleria II T. 174 Group 1","Aleria II 3989"
"Aleria II T. 174 Group 1","Aleria II 3988"
"Aleria II T. 174 Group 1","Aleria II 3987"
"Aleria II T. 174 Group 1","Aleria II 3986"
"Aleria II T. 174 Group 1","Aleria II 4010"
"Aleria II T. 174 Group 1","Aleria II 3991"
"Aleria II T. 174 Group 1","Aleria II 3942"
"Aleria II T. 174 Group 1","Morel 2771"
"Aleria II T. 174 Group 1","Aleria II 4024"
"Aleria II T. 174 Group 1","Aleria II 3993"
"Aleria II T. 174 Group 1","Aleria II 2524"
"Aleria II T. 174 Group 1","Aleria I 710"
"Aleria II T. 174 Group 1","Aleria I 885"
"Aleria II T. 174 Group 1","Aleria II 3869"
"Aleria II T. 174 Group 1","Aleria II 3992"
"Aleria II T. 174 Group 1","Lamboglia 22"
"Aleria II T. 174 Group 1","Lamboglia 21"
"Aleria II T. 174 Group 1","Aleria II 3550"
"Aleria II T. 174 Group 1","Aleria I 132"
"Aleria II T. 174 Group 2","Morel 3521"
"Aleria II T. 174 Group 2","Aleria II 2810"
"Aleria II T. 174 Group 2","Lamboglia 43A1"
"Aleria II T. 174 Group 2","Aleria II 4009"
"Aleria II T. 174 Group 2","Aleria II 4010"
"Aleria II T. 174 Group 2","Morel 5811a"
"Aleria II T. 174 Group 2","Lamboglia 40D2"
"Aleria II T. 174 Group 2","Aleria II 4013"
"Aleria II T. 174 Group 2","Aleria II 4011"
"Aleria II T. 174 Group 2","Aleria II 4008"
"Aleria II T. 174 Group 2","Aleria II 4007"
"Aleria II T. 174 Group 2","Aleria II 4006"
"Aleria II T. 174 Group 2","Aleria II 4005"
"Aleria II T. 174 Group 2","Aleria II 4004"
"Aleria II T. 174 Group 2","Aleria II 4003"
"Aleria II T. 174 Group 2","Aleria I 1115"
"Aleria II T. 174 Group 2","Aleria II 4012"
"Aleria II T. 174 Group 2","Aleria II 3842"
"Aleria II T. 174 Group 2","Aleria I 736"
"Aleria II T. 174 Group 2","Aleria II 2511"
"Aleria II T. 174 Group 2","Aleria II 4002"
"Aleria II T. 174 Group 2","Aleria II 2669"
"Aleria II T. 174 Group 2","Aleria II 3578"
"Aleria II T. 174 Group 2","Lamboglia 22"
"Aleria II T. 174 Group 2","Aleria I 288"
"Aleria II T. 174 Group 2","Aleria I 538"
"Aleria II T. 174 Group 2","Aleria I 448"
"Aleria II T. 172","Aleria II 3094"
"Aleria II T. 172","Aleria II 3991"
"Aleria II T. 172","Aleria II 3942"
"Aleria II T. 172","Morel 428"
"Aleria II T. 172","Morel 2774c"
"Aleria II T. 172","Aleria II 3945"
"Aleria II T. 172","Aleria II 3944"
"Aleria II T. 172","Aleria II 3940"
"Aleria II T. 172","Aleria I 1116"
"Aleria II T. 172","Aleria II 3473"
"Aleria II T. 172","Aleria I 172"
"Aleria II T. 172","Morel 2714j"
"Aleria II T. 172","Aleria II 3941"
"Aleria II T. 172","Aleria II 3917"
"Aleria II T. 172","Morel 4253d"
"Aleria II T. 172","Aleria II 3943"
"Aleria II T. 172","Lamboglia 21"
"Aleria II T. 172","Aleria I 458"
"Aleria II T. 172","Aleria I 1239"
"Aleria II T. 172","Lamboglia 35"
"Aleria II T. 176C Dromos","Aleria II 4142"
"Aleria II T. 176C Dromos","Morel 2716"
"Aleria II T. 176C Dromos","Aleria II 4328"
"Aleria II T. 176C Dromos","Aleria II 4254"
"Aleria II T. 176C Dromos","Aleria II 4146"
"Aleria II T. 176C Dromos","Aleria II 4145"
"Aleria II T. 176C Dromos","Aleria II 4143"
"Aleria II T. 176C Dromos","Aleria II 4141"
"Aleria II T. 176C Dromos","Aleria II 4140"
"Aleria II T. 176C Dromos","Aleria II 4139"
"Aleria II T. 176C Dromos","Aleria II 4138"
"Aleria II T. 176C Dromos","Aleria II 4137"
"Aleria II T. 176C Dromos","Aleria II 4136"
"Aleria II T. 176C Dromos","Aleria II 4135"
"Aleria II T. 176C Dromos","Aleria II 4133"
"Aleria II T. 176C Dromos","Aleria II 4132"
"Aleria II T. 176C Dromos","Aleria II 4131"
"Aleria II T. 176C Dromos","Aleria II 4130"
"Aleria II T. 176C Dromos","Aleria II 3500"
"Aleria II T. 176C Dromos","Aleria II 4129"
"Aleria II T. 176C Dromos","Aleria II 3761"
"Aleria II T. 176C Dromos","Morel 1121b"
"Aleria II T. 176C Dromos","Aleria II 4100"
"Aleria II T. 176C Dromos","Aleria II 4092"
"Aleria II T. 176C Dromos","Aleria II 4147"
"Aleria II T. 176C Dromos","Aleria II 3973"
"Aleria II T. 176C Dromos","Aleria II 4099"
"Aleria II T. 176C Dromos","Aleria II 4230"
"Aleria II T. 176C Dromos","Aleria II 4019"
"Aleria II T. 176C Dromos","Aleria II 4134"
"Aleria II T. 176C Dromos","Aleria I 598"
"Aleria II T. 176C Dromos","Aleria II 3917"
"Aleria II T. 176C Dromos","Pocolom"
"Aleria II T. 176C Dromos","Aleria II 3812"
"Aleria II T. 176C Dromos","Aleria II 3524"
"Aleria II T. 176C Dromos","Aleria I 379"
"Aleria II T. 176C Dromos","Aleria II 4101"
"Aleria II T. 176C Dromos","Lamboglia 35"
"Aleria II T. 176C Dromos","Genucilia"
"Aleria II T. 176C Dromos","Lamboglia 23"
"Aleria II T. 176C Dromos","RF Torcop Group"
"Aleria II T. 176C Dromos","Aleria I 320"
"Aleria II T. 176C Dromos","Aleria II 3455"
"Aleria II T. 176C Dromos","Lamboglia 40"
"Aleria II T. 154CD","Aleria I 749"
"Aleria II T. 154CD","Aleria I 748"
"Aleria II T. 154CD","Aleria II 3099"
"Aleria II T. 154CD","Aleria II 2617"
"Aleria II T. 154CD","Aleria II 3327"
"Aleria II T. 154CD","Aleria I 1041"
"Aleria II T. 154CD","Aleria I 2155"
"Aleria II T. 154CD","Aleria I 1106"
"Aleria II T. 154CD","Morel 2784a"
"Aleria II T. 154CD","Morel 2765b"
"Aleria II T. 154CD","Aleria II 4291"
"Aleria II T. 154CD","Aleria II 3328"
"Aleria II T. 154CD","Aleria II 3322"
"Aleria II T. 154CD","Aleria II 3316"
"Aleria II T. 154CD","Aleria II 3314"
"Aleria II T. 154CD","Aleria II 3313"
"Aleria II T. 154CD","Aleria I 665"
"Aleria II T. 154CD","Aleria I 1151"
"Aleria II T. 154CD","Aleria II 4099"
"Aleria II T. 154CD","Aleria II 3321"
"Aleria II T. 154CD","Aleria II 4184"
"Aleria II T. 154CD","Aleria II 3315"
"Aleria II T. 154CD","Aleria II 3922"
"Aleria II T. 154CD","Aleria II 3919"
"Aleria II T. 154CD","Aleria II 3318"
"Aleria II T. 154CD","Aleria II 3324"
"Aleria II T. 154CD","Aleria II 3323"
"Aleria II T. 154CD","Aleria II 2771"
"Aleria II T. 154CD","Aleria II 3317"
"Aleria II T. 154CD","Aleria I 980"
"Aleria II T. 154CD","Aleria II 3320"
"Aleria II T. 154CD","Aleria II 3921"
"Aleria II T. 154CD","Aleria II 3325"
"Aleria II T. 154CD","Aleria II 3539"
"Aleria II T. 154CD","Aleria I 178"
"Aleria II T. 154CD","Aleria I 348"
"Aleria II T. 154CD","Aleria I 167"
"Aleria II T. 154CD","Lamboglia 25"
"Aleria II T. 154CD","Aleria I 771"
"Aleria II T. 154CD","Aleria II 2525"
"Aleria II T. 154CD","Lamboglia 35"
"Aleria II T. 154CD","Aleria I 1312"
"Aleria II T. 154CD","Aleria I 626"
"Aleria II T. 168 Group 1","Aleria II 3798"
"Aleria II T. 168 Group 1","Aleria II 4049"
"Aleria II T. 168 Group 1","Aleria II 3077"
"Aleria II T. 168 Group 1","Aleria II 2441"
"Aleria II T. 168 Group 1","Aleria II 2431"
"Aleria II T. 168 Group 1","Aleria II 3801"
"Aleria II T. 168 Group 1","Aleria II 3701"
"Aleria II T. 168 Group 1","Aleria II 2435"
"Aleria II T. 168 Group 1","Aleria I 797"
"Aleria II T. 168 Group 1","Aleria II 2477"
"Aleria II T. 168 Group 1","Aleria II 2652"
"Aleria II T. 168 Group 1","RF Grotta Ferrata Painter"
"Aleria II T. 168 Group 1","RF Etruscan Krater Fluid Group"
"Aleria II T. 168 Group 1","Aleria II 3765"
"Aleria II T. 168 Group 1","Aleria II 2481"
"Aleria II T. 168 Group 1","Aleria I 1096"
"Aleria II T. 168 Group 1","RF Tarquinia Painter"
"Aleria II T. 168 Group 1","Aleria II 2650"
"Aleria II T. 168 Group 1","Aleria II 2649"
"Aleria II T. 168 Group 1","Aleria II 4129"
"Aleria II T. 168 Group 1","Aleria II 3761"
"Aleria II T. 168 Group 1","Ridgway 1979 p 345 fig 23"
"Aleria II T. 168 Group 1","Morel 7612"
"Aleria II T. 168 Group 1","Morel 7221a1"
"Aleria II T. 168 Group 1","Morel 7221a"
"Aleria II T. 168 Group 1","Morel 4710"
"Aleria II T. 168 Group 1","Morel 3652b"
"Aleria II T. 168 Group 1","Morel 3531"
"Aleria II T. 168 Group 1","Morel 2771gh"
"Aleria II T. 168 Group 1","Morel 1514"
"Aleria II T. 168 Group 1","Aleria II 4441"
"Aleria II T. 168 Group 1","Aleria II 4374"
"Aleria II T. 168 Group 1","Aleria II 4278"
"Aleria II T. 168 Group 1","Aleria II 3800"
"Aleria II T. 168 Group 1","Aleria II 3796"
"Aleria II T. 168 Group 1","Aleria II 3795"
"Aleria II T. 168 Group 1","Aleria II 3794"
"Aleria II T. 168 Group 1","Aleria II 3793"
"Aleria II T. 168 Group 1","Aleria II 3792"
"Aleria II T. 168 Group 1","Aleria II 3791"
"Aleria II T. 168 Group 1","Aleria II 3790"
"Aleria II T. 168 Group 1","Aleria II 3789"
"Aleria II T. 168 Group 1","Aleria II 3787"
"Aleria II T. 168 Group 1","Aleria II 3786"
"Aleria II T. 168 Group 1","Aleria II 3784"
"Aleria II T. 168 Group 1","Aleria II 3783"
"Aleria II T. 168 Group 1","Aleria II 3782"
"Aleria II T. 168 Group 1","Aleria II 3781"
"Aleria II T. 168 Group 1","Aleria II 3777"
"Aleria II T. 168 Group 1","Aleria II 3773"
"Aleria II T. 168 Group 1","Aleria II 3772"
"Aleria II T. 168 Group 1","Aleria II 3770"
"Aleria II T. 168 Group 1","Aleria II 3769"
"Aleria II T. 168 Group 1","Aleria II 3768"
"Aleria II T. 168 Group 1","Aleria II 3767"
"Aleria II T. 168 Group 1","Aleria II 3764"
"Aleria II T. 168 Group 1","Aleria II 3760"
"Aleria II T. 168 Group 1","Aleria I 369"
"Aleria II T. 168 Group 1","Aleria I 1155"
"Aleria II T. 168 Group 1","Aleria II 2486"
"Aleria II T. 168 Group 1","Aleria II 3788"
"Aleria II T. 168 Group 1","Aleria I 665"
"Aleria II T. 168 Group 1","Aleria II 4020"
"Aleria II T. 168 Group 1","Aleria II 4015"
"Aleria II T. 168 Group 1","Aleria II 3762"
"Aleria II T. 168 Group 1","Aleria II 3776"
"Aleria II T. 168 Group 1","Aleria I 757"
"Aleria II T. 168 Group 1","Aleria I 741"
"Aleria II T. 168 Group 1","Aleria II 3785"
"Aleria II T. 168 Group 1","Aleria II 3780"
"Aleria II T. 168 Group 1","Aleria I 733"
"Aleria II T. 168 Group 1","Aleria II 3766"
"Aleria II T. 168 Group 1","Aleria II 3459"
"Aleria II T. 168 Group 1","RF Char Group"
"Aleria II T. 168 Group 1","Aleria II 3806"
"Aleria II T. 168 Group 1","Aleria II 3797"
"Aleria II T. 168 Group 1","Aleria II 3763"
"Aleria II T. 168 Group 1","Aleria II 2530"
"Aleria II T. 168 Group 1","Aleria I 950"
"Aleria II T. 168 Group 1","Aleria I 357"
"Aleria II T. 168 Group 1","Aleria II 4159"
"Aleria II T. 168 Group 1","Aleria II 3779"
"Aleria II T. 168 Group 1","Aleria I 395"
"Aleria II T. 168 Group 1","Morel 1323"
"Aleria II T. 168 Group 1","Aleria I 777"
"Aleria II T. 168 Group 1","Aleria II 3778"
"Aleria II T. 168 Group 1","Aleria II 2685"
"Aleria II T. 168 Group 1","Aleria II 2677"
"Aleria II T. 168 Group 1","Aleria I 739"
"Aleria II T. 168 Group 1","Aleria I 1279"
"Aleria II T. 168 Group 1","AMPH Etruscan"
"Aleria II T. 168 Group 1","Aleria I 1495"
"Aleria II T. 168 Group 1","Lamboglia 21"
"Aleria II T. 168 Group 1","Aleria II 3158"
"Aleria II T. 168 Group 1","Aleria I 2077"
"Aleria II T. 168 Group 1","Aleria II 2720"
"Aleria II T. 168 Group 1","Genucilia"
"Aleria II T. 168 Group 1","Aleria I 1126"
"Aleria II T. 168 Group 1","Aleria I 1212"
"Aleria II T. 168 Group 1","Aleria I 750"
"Aleria II T. 168 Group 1","Aleria I 310"
"Aleria II T. 168 Group 1","Lamboglia 40C2"
"Aleria II T. 168 Group 1","Aleria I 503"
"Aleria II T. 168 Group 1","Lamboglia 36C"
"Aleria II T. 168 Group 1","Lamboglia 60B"
"Aleria I T. 10","Lamboglia 29"
"Aleria I T. 10","Aleria I 126"
"Aleria I T. 10","Aleria I 125"
"Aleria I T. 10","Aleria I 115"
"Aleria I T. 10","Aleria I 462"
"Aleria I T. 10","Aleria I 2299"
"Aleria I T. 10","Aleria I 2149"
"Aleria I T. 10","Aleria I 2145"
"Aleria I T. 10","Aleria I 1699"
"Aleria I T. 10","Aleria I 1409"
"Aleria I T. 10","Aleria I 1296"
"Aleria I T. 10","Aleria I 119"
"Aleria I T. 10","Aleria I 113"
"Aleria I T. 10","Aleria I 111"
"Aleria I T. 10","Lamboglia 27/118"
"Aleria I T. 10","Aleria I 2251"
"Aleria I T. 10","Aleria I 1295"
"Aleria I T. 10","Aleria I 789"
"Aleria I T. 10","Lamboglia 35A"
"Aleria I T. 10","Aleria I 112"
"Aleria I T. 10","Aleria I 539"
"Aleria I T. 10","Aleria I 906"
"Aleria I T. 10","Aleria I 461"
"Aleria I T. 10","Aleria I 1501"
"Aleria I T. 10","Aleria I 460"
"Aleria I T. 10","Aleria I 459"
"Aleria I T. 10","Genucilia"
"Aleria I T. 10","Aleria I 114"
"Aleria I T. 10","Aleria I 118"
"Aleria I T. 10","Aleria I 1408"
"Aleria I T. 10","Aleria I 95"
"Aleria I T. 63","Aleria I 1094"
"Aleria I T. 63","Aleria I 1092"
"Aleria I T. 63","Aleria I 1533"
"Aleria I T. 63","Aleria I 1132"
"Aleria I T. 63","Aleria I 1222"
"Aleria I T. 63","Aleria I 1105"
"Aleria I T. 63","Aleria I 1104"
"Aleria I T. 63","Aleria I 1037"
"Aleria I T. 63","Aleria I 564"
"Aleria I T. 63","Aleria I 1096"
"Aleria I T. 63","Aleria I 1117"
"Aleria I T. 63","RF Ostia Painter"
"Aleria I T. 63","RF Tarquinia Painter"
"Aleria I T. 63","RF Caeretan Painter of the Dotted Hem"
"Aleria I T. 63","Aleria I 1103"
"Aleria I T. 63","Aleria I 997"
"Aleria I T. 63","Aleria I 994"
"Aleria I T. 63","Aleria I 1119"
"Aleria I T. 63","Aleria I 1106"
"Aleria I T. 63","RF Sokra Group"
"Aleria I T. 63","Aleria I 1148"
"Aleria I T. 63","Aleria I 1155"
"Aleria I T. 63","RF Dotted Hem Workshop"
"Aleria I T. 63","Cuadrado Cigarrelejo pl. 2-3 12-15"
"Aleria I T. 63","Cigarrelejo Crater 104, pl. 2-3, 12-15, 18-19"
"Aleria I T. 63","Aleria I 949"
"Aleria I T. 63","Aleria I 4901"
"Aleria I T. 63","Aleria I 1149"
"Aleria I T. 63","Aleria I 1145"
"Aleria I T. 63","Aleria I 1120"
"Aleria I T. 63","Aleria I 1109"
"Aleria I T. 63","Aleria I 1108"
"Aleria I T. 63","Aleria I 1093"
"Aleria I T. 63","Aleria I 1091"
"Aleria I T. 63","Aleria I 1090"
"Aleria I T. 63","Aleria I 1151"
"Aleria I T. 63","Aleria I 366"
"Aleria I T. 63","Aleria I 1150"
"Aleria I T. 63","Aleria I 2257"
"Aleria I T. 63","Aleria I 1115"
"Aleria I T. 63","RF Carthage Painter"
"Aleria I T. 63","Aleria I 682"
"Aleria I T. 63","Aleria I 1228"
"Aleria I T. 63","Aleria I 189"
"Aleria I T. 63","Aleria I 1136"
"Aleria I T. 63","Aleria I 980"
"Aleria I T. 63","Aleria I 401"
"Aleria I T. 63","Aleria I 1101"
"Aleria I T. 63","Aleria I 1284"
"Aleria I T. 63","Aleria I 1135"
"Aleria I T. 63","Aleria I 178"
"Aleria I T. 63","Aleria I 348"
"Aleria I T. 63","Aleria I 1099"
"Aleria I T. 63","Aleria I 393"
"Aleria I T. 63","Aleria I 879"
"Aleria I T. 63","Aleria I 681"
"Aleria I T. 63","Genucilia"
"Aleria I T. 63","Aleria I 1133"
"Aleria I T. 63","Aleria I 1126"
"Aleria I T. 63","Ferrara T. 585 Group"
"Aleria I T. 63","Aleria I 244"
"Aleria I T. 63","Aleria I 1406"
"Aleria I T. 63","Aleria I 49"
"Aleria I T. 63","Aleria I 8"
"Aleria I T. 63","Aleria I 70"
"Aleria I T. 63","Aleria I 177"
"Aleria I T. 63","RF Phantom Group"
"Aleria I T. 63","Lamboglia 24/25"
"Aleria II T. 177 North Bench","Aleria II 4152"
"Aleria II T. 177 North Bench","Aleria II 4151"
"Aleria II T. 177 North Bench","Aleria II 4150"
"Aleria II T. 177 North Bench","Aleria I 1248"
"Aleria II T. 177 North Bench","RF Carthage Painter"
"Aleria II T. 177 North Bench","Aleria I 1099"
"Aleria II T. 177 North Bench","Aleria II 2679"
"Aleria II T. 177 North Bench","Genucilia"
"Aleria II T. 177 North Bench","Aleria I 774"
"Aleria II T. 173","Aleria II 2493"
"Aleria II T. 173","Aleria II 2432"
"Aleria II T. 173","Aleria II 2618"
"Aleria II T. 173","Lamboglia 43A1"
"Aleria II T. 173","Aleria II 3680"
"Aleria II T. 173","Aleria II 3677"
"Aleria II T. 173","Aleria II 3968"
"Aleria II T. 173","Aleria II 3949"
"Aleria II T. 173","Aleria II 2619"
"Aleria II T. 173","Aleria I 1421"
"Aleria II T. 173","Aleria II 3956"
"Aleria II T. 173","Aleria II 2601"
"Aleria II T. 173","Aleria II 4147"
"Aleria II T. 173","Aleria II 3973"
"Aleria II T. 173","Aleria II 3776"
"Aleria II T. 173","Aleria I 1150"
"Aleria II T. 173","Aleria I 796"
"Aleria II T. 173","Aleria I 2033"
"Aleria II T. 173","Morel 4343"
"Aleria II T. 173","Morel 4253b"
"Aleria II T. 173","Aleria II 3983"
"Aleria II T. 173","Aleria II 3970"
"Aleria II T. 173","Aleria II 3969"
"Aleria II T. 173","Aleria II 3967"
"Aleria II T. 173","Aleria II 3966"
"Aleria II T. 173","Aleria II 3960"
"Aleria II T. 173","Aleria II 3959"
"Aleria II T. 173","Aleria II 3958"
"Aleria II T. 173","Aleria II 3957"
"Aleria II T. 173","Aleria II 3955"
"Aleria II T. 173","Aleria II 3954"
"Aleria II T. 173","Aleria II 3953"
"Aleria II T. 173","Aleria II 3947"
"Aleria II T. 173","Aleria I 1115"
"Aleria II T. 173","Aleria II 2636"
"Aleria II T. 173","Morel 2681"
"Aleria II T. 173","Morel 4283"
"Aleria II T. 173","Aleria II 3972"
"Aleria II T. 173","Aleria II 2511"
"Aleria II T. 173","Aleria I 178"
"Aleria II T. 173","Aleria II 3974"
"Aleria II T. 173","Aleria II 3480"
"Aleria II T. 173","Lamboglia 22"
"Aleria II T. 173","Lamboglia 40E2"
"Aleria II T. 173","Aleria II 3951"
"Aleria II T. 173","Aleria II 3816"
"Aleria II T. 173","Aleria I 538"
"Aleria II T. 173","Aleria II 3965"
"Aleria II T. 173","Aleria II 3950"
"Aleria II T. 173","Aleria II 2518"
"Aleria II T. 173","Morel 4311"
"Aleria II T. 173","Aleria II 3971"
"Aleria II T. 173","Aleria II 3961"
"Aleria II T. 173","Aleria I 771"
"Aleria II T. 173","Aleria II 2774"
"Aleria II T. 173","Aleria II 3890"
"Aleria II T. 173","Lamboglia 35"
"Aleria II T. 173","Aleria II 3952"
"Aleria II T. 173","Aleria II 2678"
"Aleria II T. 173","Aleria II 2792"
"Aleria II T. 173","Aleria I 845"
"Aleria II T. 173","Aleria I 1133"
"Aleria II T. 173","Aleria I 918"
"Aleria II T. 173","Aleria I 1356"
"Aleria II T. 173","Aleria II 3548"
"Aleria II T. 173","Aleria I 1312"
"Aleria II T. 173","Aleria I 49"
"Aleria II T. 173","Aleria I 394"
"Aleria II T. 173","Aleria II 2723"
"Aleria II T. 173","Aleria I 7"
"Aleria II T. 173","Lamboglia 117"
"Aleria II T. 173","Aleria I 5"
"Aleria II T. 173","Morel 4115f"
"Aleria II T. 173","Lamboglia 27B"
"Aleria I T. 53 Dromos","Aleria I 784"
"Aleria I T. 53 Dromos","Aleria I 366"
"Aleria I T. 53 Dromos","RF Crescent Hem Workshop"
"Aleria I T. 53 Dromos","Aleria I 735"
"Aleria I T. 53 Dromos","Aleria I 736"
"Aleria I T. 53 Dromos","Aleria I 733"
"Aleria I T. 53 Dromos","Aleria I 789"
"Aleria I T. 53 Dromos","Aleria I 732"
"Aleria I T. 53 Dromos","Aleria I 731"
"Aleria I T. 53 Dromos","Aleria I 357"
"Aleria I T. 53 Dromos","Grand Congloué A p 40 fig 36bis"
"Aleria I T. 53 Dromos","Grand Congloué A p 40 fig 36"
"Aleria I T. 53 Dromos","Aleria I 839"
"Aleria I T. 53 Dromos","Aleria I 1354"
"Aleria I T. 53 Dromos","Aleria I 738"
"Aleria I T. 53 Dromos","Aleria I 1261"
"Aleria I T. 53 Dromos","Aleria I 747"
"Aleria I T. 53 Dromos","Aleria I 746"
"Aleria I T. 53 Dromos","Aleria I 1322"
"Aleria I T. 53 Dromos","Aleria I 393"
"Aleria I T. 53 Dromos","Aleria I 1468"
"Aleria I T. 53 Dromos","Ferrara T. 585 Group"
"Aleria I T. 53 Dromos","Aleria I 737"
"Aleria I T. 53 Dromos","Aleria I 1215"
"Aleria I T. 53 Dromos","Aleria I 245a"
"Aleria I T. 53 Dromos","Lamboglia 40C3"
"Aleria II T. 171","Aleria II 3776"
"Aleria II T. 171","Aleria II 3936"
"Aleria II T. 171","Aleria II 2676"
"Aleria II T. 171","Aleria I 49"
"Aleria II T. 174 Group Southeast","Aleria II 2600"
"Aleria II T. 174 Group Southeast","Aleria II 2440"
"Aleria II T. 174 Group Southeast","Morel 2771"
"Aleria II T. 174 Group Southeast","Aleria II 2442"
"Aleria II T. 174 Group Southeast","Aleria II 4024"
"Aleria II T. 174 Group Southeast","Aleria II 3993"
"Aleria II T. 174 Group Southeast","Aleria II 4230"
"Aleria II T. 174 Group Southeast","Aleria II 4019"
"Aleria II T. 174 Group Southeast","Aleria II 2639"
"Aleria II T. 174 Group Southeast","Aleria II 4020"
"Aleria II T. 174 Group Southeast","Aleria II 4015"
"Aleria II T. 174 Group Southeast","Aleria II 3762"
"Aleria II T. 174 Group Southeast","Aleria II 3776"
"Aleria II T. 174 Group Southeast","Morel 2681"
"Aleria II T. 174 Group Southeast","RF Faliscan Forum Group"
"Aleria II T. 174 Group Southeast","RF Caeretan Painter of the Villa Giulia"
"Aleria II T. 174 Group Southeast","Morel 6522b"
"Aleria II T. 174 Group Southeast","Aleria II 4035"
"Aleria II T. 174 Group Southeast","Aleria II 4034"
"Aleria II T. 174 Group Southeast","Aleria II 4033"
"Aleria II T. 174 Group Southeast","Aleria II 4029"
"Aleria II T. 174 Group Southeast","Aleria II 4028"
"Aleria II T. 174 Group Southeast","Aleria II 4027"
"Aleria II T. 174 Group Southeast","Aleria II 4026"
"Aleria II T. 174 Group Southeast","Aleria II 4025"
"Aleria II T. 174 Group Southeast","Aleria II 4023"
"Aleria II T. 174 Group Southeast","Aleria II 4022"
"Aleria II T. 174 Group Southeast","Aleria II 4021"
"Aleria II T. 174 Group Southeast","Aleria II 4017"
"Aleria II T. 174 Group Southeast","Aleria II 4016"
"Aleria II T. 174 Group Southeast","Aleria II 3223"
"Aleria II T. 174 Group Southeast","Aleria II 2426"
"Aleria II T. 174 Group Southeast","Aleria II 3992"
"Aleria II T. 174 Group Southeast","Lamboglia 22"
"Aleria II T. 174 Group Southeast","Lamboglia 40E2"
"Aleria II T. 174 Group Southeast","Aleria II 4018"
"Aleria II T. 174 Group Southeast","Aleria II 3449"
"Aleria II T. 174 Group Southeast","Aleria I 538"
"Aleria II T. 174 Group Southeast","Lamboglia 21"
"Aleria II T. 174 Group Southeast","Aleria II 2526"
"Aleria II T. 174 Group Southeast","Aleria I 449"
"Aleria II T. 174 Group Southeast","Aleria II 2527"
"Aleria II T. 174 Group Southeast","Lamboglia 35"
"Aleria II T. 174 Group Southeast","Aleria I 307"
"Aleria II T. 174 Group Southeast","Aleria II 2676"
"Aleria II T. 174 Group Southeast","Aleria I 899"
"Aleria II T. 174 Group Southeast","Aleria I 1212"
"Aleria II T. 174 Group Southeast","RF Torcop Group"
"Aleria II T. 174 Group Southeast","Aleria I 1"
"Aleria II T. 174 Group Southeast","Aleria I 95"
"Aleria II T. 174 Group Southeast","Aleria I 71"
"Aleria II T. 174 Group Southeast","Aleria I 689"
"Aleria II T. 174 Group Southeast","Lamboglia 60C"
"Aleria II T. 177 Central Grave South Sector 1","Aleria II 2602"
"Aleria II T. 177 Central Grave South Sector 1","Aleria I 1148"
"Aleria II T. 177 Central Grave South Sector 1","Aleria I 796"
"Aleria II T. 177 Central Grave South Sector 1","Aleria II 4339"
"Aleria II T. 177 Central Grave South Sector 1","Aleria II 4167"
"Aleria II T. 177 Central Grave South Sector 1","Aleria II 4166"
"Aleria II T. 177 Central Grave South Sector 1","Aleria II 4165"
"Aleria II T. 177 Central Grave South Sector 1","Aleria II 4164"
"Aleria II T. 177 Central Grave South Sector 1","Aleria II 4163"
"Aleria II T. 177 Central Grave South Sector 1","Aleria II 4161"
"Aleria II T. 177 Central Grave South Sector 1","Aleria II 4160"
"Aleria II T. 177 Central Grave South Sector 1","Aleria II 4162"
"Aleria II T. 177 Central Grave South Sector 1","Aleria I 357"
"Aleria II T. 177 Central Grave South Sector 1","Aleria II 4159"
"Aleria II T. 177 Central Grave South Sector 1","Aleria II 3779"
"Aleria II T. 177 Central Grave South Sector 1","Aleria II 2521"
"Aleria II T. 177 Central Grave South Sector 1","Morel 2783a"
"Aleria II T. 177 Central Grave South Sector 1","Aleria II 3901"
"Aleria II T. 177 Central Grave South Sector 1","Aleria I 91"
"Aleria II T. 177 Central Grave South Sector 1","Aleria I 10"
"Aleria II T. 168 Group 3","Aleria II 3884"
"Aleria II T. 168 Group 3","Aleria II 3788"
"Aleria II T. 168 Group 3","Aleria II 4264"
"Aleria II T. 168 Group 3","Aleria II 3883"
"Aleria II T. 168 Group 3","Aleria II 3881"
"Aleria II T. 168 Group 3","Aleria II 3880"
"Aleria II T. 168 Group 3","Aleria II 3879"
"Aleria II T. 168 Group 3","Aleria II 3882"
"Aleria II T. 168 Group 3","Aleria II 3847"
"Aleria II T. 168 Group 3","Lamboglia 25"
"Aleria II T. 168 Group 3","Morel 2786c"
"Aleria II T. 168 Group 3","Aleria I 459"
"Aleria II T. 168 Group 3","Aleria II 3526"
"Aleria II T. 168 Group 3","Aleria II 2686"
"Aleria II T. 168 Group 3","Aleria I 1212"
"Aleria II T. 168 Group 3","Aleria I 132"
"Aleria II T. 168 Group 3","Aleria I 290"
"Aleria II T. 168 Group 3","Aleria II 3143"
"Aleria II T. 177 Central Grave South Sector 2","Morel 5416d"
"Aleria II T. 177 Central Grave South Sector 2","Aleria II 4183"
"Aleria II T. 177 Central Grave South Sector 2","Aleria II 3683"
"Aleria II T. 177 Central Grave South Sector 2","Aleria II 4184"
"Aleria II T. 177 Central Grave South Sector 2","Aleria II 3323"
"Aleria II T. 177 Central Grave South Sector 2","Aleria II 4162"
"Aleria II T. 177 Central Grave South Sector 2","Morel 3540"
"Aleria II T. 177 Central Grave South Sector 2","Morel 2783d"
"Aleria II T. 177 Central Grave South Sector 2","Morel 2771f"
"Aleria II T. 177 Central Grave South Sector 2","Aleria II 4382"
"Aleria II T. 177 Central Grave South Sector 2","Aleria II 4370"
"Aleria II T. 177 Central Grave South Sector 2","Aleria II 4256"
"Aleria II T. 177 Central Grave South Sector 2","Aleria II 4185"
"Aleria II T. 177 Central Grave South Sector 2","Aleria II 4182"
"Aleria II T. 177 Central Grave South Sector 2","Aleria II 4181"
"Aleria II T. 177 Central Grave South Sector 2","Aleria II 4179"
"Aleria II T. 177 Central Grave South Sector 2","Aleria II 4178"
"Aleria II T. 177 Central Grave South Sector 2","Aleria II 4176"
"Aleria II T. 177 Central Grave South Sector 2","Aleria II 4175"
"Aleria II T. 177 Central Grave South Sector 2","Aleria II 4174"
"Aleria II T. 177 Central Grave South Sector 2","Aleria II 4173"
"Aleria II T. 177 Central Grave South Sector 2","Aleria II 4172"
"Aleria II T. 177 Central Grave South Sector 2","Aleria II 4171"
"Aleria II T. 177 Central Grave South Sector 2","Aleria II 4170"
"Aleria II T. 177 Central Grave South Sector 2","Aleria II 4169"
"Aleria II T. 177 Central Grave South Sector 2","Aleria II 4168"
"Aleria II T. 177 Central Grave South Sector 2","Aleria II 3432"
"Aleria II T. 177 Central Grave South Sector 2","Aleria I 3917"
"Aleria II T. 177 Central Grave South Sector 2","Aleria I 885"
"Aleria II T. 177 Central Grave South Sector 2","Aleria II 4103"
"Aleria II T. 177 Central Grave South Sector 2","Aleria II 3812"
"Aleria II T. 177 Central Grave South Sector 2","Aleria I 288"
"Aleria II T. 177 Central Grave South Sector 2","Morel 2783"
"Aleria II T. 177 Central Grave South Sector 2","Aleria I 194"
"Aleria II T. 177 Central Grave South Sector 2","Aleria II 3845"
"Aleria II T. 177 Central Grave South Sector 2","Aleria II 3541"
"Aleria II T. 177 Central Grave South Sector 2","Lamboglia 21"
"Aleria II T. 177 Central Grave South Sector 2","Aleria I 771"
"Aleria II T. 177 Central Grave South Sector 2","Aleria II 3890"
"Aleria II T. 177 Central Grave South Sector 2","Aleria I 344"
"Aleria II T. 177 Central Grave South Sector 2","Aleria II 2498"
"Aleria II T. 177 Central Grave South Sector 2","Aleria I 90"
"Aleria II T. 177 Central Grave South Sector 2","Lamboglia 40F3"
"Aleria II T. 177 Central Grave South Sector 2","Genucilia"
"Aleria II T. 177 Central Grave South Sector 2","Morel 2621"
"Aleria II T. 177 Central Grave South Sector 2","Aleria I 807"
"Aleria II T. 177 Central Grave South Sector 2","Aleria I 869"
"Aleria II T. 177 Central Grave South Sector 2","Aleria I 1126"
"Aleria II T. 177 Central Grave South Sector 2","Lamboglia 96A"
"Aleria II T. 177 Central Grave South Sector 2","Aleria I 1212"
"Aleria II T. 177 Central Grave South Sector 2","Aleria II 3534"
"Aleria II T. 177 Central Grave South Sector 2","Aleria I 969"
"Aleria II T. 177 Central Grave South Sector 2","Aleria II 4180"
"Aleria II T. 177 Central Grave South Sector 2","Aleria II 3896"
"Aleria II T. 177 Central Grave South Sector 2","Aleria I 389"
"Aleria II T. 177 Central Grave South Sector 2","Aleria I 770"
"Aleria II T. 177 Central Grave South Sector 2","Aleria I 10"
"Aleria II T. 177 Central Grave South Sector 2","Lamboglia 59"
"Aleria I T. 79","RF Carthage Painter"
"Aleria I T. 79","Aleria I 736"
"Aleria I T. 79","Aleria I 1485"
"Aleria I T. 79","Aleria I 1476"
"Aleria I T. 79","Aleria I 1472"
"Aleria I T. 79","RF Caeretan"
"Aleria I T. 79","Aleria I 747"
"Aleria I T. 79","Aleria I 746"
"Aleria I T. 79","Aleria I 167"
"Aleria I T. 79","Aleria I 1484"
"Aleria I T. 79","Aleria I 1483"
"Aleria I T. 79","Aleria I 458"
"Aleria I T. 79","Lamboglia 25"
"Aleria I T. 79","Aleria I 1468"
"Aleria I T. 79","Genucilia"
"Aleria I T. 79","Aleria I 244"
"Aleria I T. 79","Aleria I 1469"
"Aleria I T. 79","Aleria I 48"
"Aleria I T. 79","RF Phantom Group"
"Aleria I T. 96","Aleria I 2075"
"Aleria I T. 96","Lamboglia 70"
"Aleria I T. 96","Aleria I 2076"
"Aleria I T. 96","Aleria I 2073"
"Aleria I T. 96","Aleria I 4"
"Aleria I T. 96","Aleria I 771"
"Aleria I T. 96","Aleria I 773"
"Aleria I T. 96","Aleria I 772"
"Aleria I T. 96","Aleria I 774"
"Aleria I T. 96","Ferrara T. 585 Group"
"Aleria I T. 96","RF Torcop Group"
"Aleria I T. 96","Aleria I 49"
"Aleria I T. 96","RF Phantom Group"
"Aleria I T. 96","Aleria I 2074"
"Aleria II T. 176A Chamber","Aleria I 945"
"Aleria II T. 176A Chamber","Morel 1121b"
"Aleria II T. 176A Chamber","Aleria II 4100"
"Aleria II T. 176A Chamber","Aleria II 4092"
"Aleria II T. 176A Chamber","Aleria II 4099"
"Aleria II T. 176A Chamber","Aleria II 4123"
"Aleria II T. 176A Chamber","Aleria II 4134"
"Aleria II T. 176A Chamber","Aleria II 3972"
"Aleria II T. 176A Chamber","Aleria II 4103"
"Aleria II T. 176A Chamber","Morel 2621c"
"Aleria II T. 176A Chamber","Morel 1111b"
"Aleria II T. 176A Chamber","Aleria II 4210"
"Aleria II T. 176A Chamber","Aleria II 4109"
"Aleria II T. 176A Chamber","Aleria II 4108"
"Aleria II T. 176A Chamber","Aleria II 4107"
"Aleria II T. 176A Chamber","Aleria II 4106"
"Aleria II T. 176A Chamber","Aleria II 4098"
"Aleria II T. 176A Chamber","Aleria II 4097"
"Aleria II T. 176A Chamber","Aleria II 4095"
"Aleria II T. 176A Chamber","Aleria II 4094"
"Aleria II T. 176A Chamber","Aleria II 4093"
"Aleria II T. 176A Chamber","Aleria II 3428"
"Aleria II T. 176A Chamber","Aleria I 406"
"Aleria II T. 176A Chamber","Aleria II 3541"
"Aleria II T. 176A Chamber","Aleria II 4105"
"Aleria II T. 176A Chamber","Aleria II 4102"
"Aleria II T. 176A Chamber","Aleria II 4096"
"Aleria II T. 176A Chamber","Aleria II 3476"
"Aleria II T. 176A Chamber","Aleria II 3451"
"Aleria II T. 176A Chamber","Aleria II 2526"
"Aleria II T. 176A Chamber","Aleria II 4101"
"Aleria II T. 176A Chamber","Lamboglia 96"
"Aleria II T. 176A Chamber","Aleria II 2527"
"Aleria II T. 176A Chamber","Lamboglia 35"
"Aleria II T. 176A Chamber","Lamboglia 120"
"Aleria II T. 176A Chamber","Aleria I 344"
"Aleria II T. 176A Chamber","Aleria II 2498"
"Aleria II T. 176A Chamber","Morel 2672h"
"Aleria II T. 176A Chamber","Aleria II 4104"
"Aleria II T. 176A Chamber","Aleria II 3546"
"Aleria II T. 176A Chamber","Aleria I 2294"
"Aleria II T. 176A Chamber","Aleria I 808"
"Aleria II T. 176A Chamber","Aleria I 90"
"Aleria II T. 176A Chamber","Aleria II 3466"
"Aleria II T. 176A Chamber","Genucilia"
"Aleria II T. 176A Chamber","Aleria I 807"
"Aleria II T. 176A Chamber","Aleria II 3512"
"Aleria II T. 176A Chamber","Lamboglia 23"
"Aleria II T. 176A Chamber","Aleria I 1312"
"Aleria II T. 176A Chamber","Morel 5425b"
"Aleria II T. 176A Chamber","Aleria I 1"
"Aleria II T. 176A Chamber","Aleria I 59"
"Aleria II T. 176A Chamber","Aleria I 71"
"Aleria II T. 176A Chamber","Lamboglia 81"
"Aleria II T. 176A Chamber","Aleria I 626"
"Aleria II T. 176A Chamber","Aleria I 65"
"Aleria II T. 176A Chamber","Aleria I 47"
"Aleria II T. 176A Chamber","Aleria I 392"
"Aleria II T. 176A Chamber","Aleria I 272"
"Aleria II T. 176A Chamber","Lamboglia 59"
"Aleria I T. 16","Aleria I 171"
"Aleria I T. 16","Aleria I 1632"
"Aleria I T. 16","Aleria I 163"
"Aleria I T. 16","Aleria I 1298"
"Aleria I T. 16","Aleria I 167"
"Aleria I T. 16","Lamboglia 25"
"Aleria I T. 16","Aleria I 165"
"Aleria I T. 16","Aleria I 307"
"Aleria I T. 16","Aleria I 166"
"Aleria I T. 16","Aleria I 983"
"Aleria I T. 16","Ferrara T. 585 Group"
"Aleria I T. 16","Aleria I 67"
"Aleria I T. 16","Aleria I 1506"
"Aleria I T. 16","Aleria I 257"
"Aleria I T. 16","Lamboglia 26/27"
"Aleria I T. 16","Aleria I 80"
"Aleria I T. 104","Lamboglia 27/118"
"Aleria I T. 104","Aleria I 2251"
"Aleria I T. 104","Aleria I 2257"
"Aleria I T. 104","Aleria I 189"
"Aleria I T. 104","Aleria I 980"
"Aleria I T. 104","Lamboglia 35A"
"Aleria I T. 104","Aleria I 1135"
"Aleria I T. 104","Aleria I 4"
"Aleria I T. 104","Aleria I 178"
"Aleria I T. 104","Aleria I 2262"
"Aleria I T. 104","Aleria I 2259"
"Aleria I T. 104","Aleria I 2256"
"Aleria I T. 104","Aleria I 2255"
"Aleria I T. 104","Aleria I 2253"
"Aleria I T. 104","Aleria I 2252"
"Aleria I T. 104","Aleria I 2249"
"Aleria I T. 104","Aleria I 2247"
"Aleria I T. 104","Aleria I 2245"
"Aleria I T. 104","Aleria I 2236"
"Aleria I T. 104","Aleria I 2226"
"Aleria I T. 104","Aleria I 2224"
"Aleria I T. 104","Aleria I 2258"
"Aleria I T. 104","Aleria I 2225"
"Aleria I T. 104","Aleria I 393"
"Aleria I T. 104","Aleria I 2254"
"Aleria I T. 104","Aleria I 2243"
"Aleria I T. 104","Lamboglia 25"
"Aleria I T. 104","Aleria I 448"
"Aleria I T. 104","Genucilia"
"Aleria I T. 104","Aleria I 1348"
"Aleria I T. 104","Ferrara T. 585 Group"
"Aleria I T. 104","Aleria I 781"
"Aleria I T. 104","RF Torcop Group"
"Aleria I T. 104","Aleria I 297"
"Aleria I T. 104","Lamboglia 121"
"Aleria I T. 104","Lamboglia 107D"
"Aleria I T. 104","Aleria I 84"
"Aleria I T. 104","Aleria I 1"
"Aleria I T. 104","Lamboglia 40B2"
"Aleria I T. 104","RF Populonia Painter"
"Aleria I T. 104","Aleria I 59"
"Aleria I T. 104","Aleria I 132"
"Aleria I T. 104","Aleria I 290"
"Aleria I T. 104","Lamboglia 81"
"Aleria I T. 104","Aleria I 2248"
"Aleria I T. 104","Lamboglia 22/27"
"Aleria I T. 104","RF Phantom Group"
"Aleria I T. 104","Aleria I 2231"
"Aleria I T. 104","Aleria I 2241"
"Aleria I T. 66","Aleria I 178"
"Aleria I T. 66","Aleria I 1216"
"Aleria I T. 66","Aleria I 1217"
"Aleria I T. 66","Lamboglia 96"
"Aleria I T. 66","Aleria I 344"
"Aleria I T. 66","RF Phantom Group"
"Aleria II T. 163","Aleria II 3651"
"Aleria II T. 163","Lamboglia 25"
"Aleria II T. 163","Aleria II 2686"
"Aleria II T. 163","Aleria I 114"
"Aleria II T. 163","Morel 2765a"
"Aleria I T. 21","Aleria I 665"
"Aleria I T. 21","Aleria I 1221"
"Aleria I T. 21","Aleria I 189"
"Aleria I T. 21","Morel 4151b"
"Aleria I T. 21","Aleria I 194"
"Aleria I T. 21","Aleria I 192"
"Aleria I T. 21","Genucilia"
"Aleria I T. 21","Aleria I 970"
"Aleria I T. 21","Aleria I 854"
"Aleria I T. 21","Aleria I 275"
"Aleria I T. 21","Aleria I 190"
"Aleria I T. 21","Lamboglia 117"
"Aleria I T. 21","Lamboglia 118"
"Aleria I T. 21","Aleria I 425"
"Aleria I T. 21","Aleria I 191"
"Aleria I T. 86B","Aleria I 945"
"Aleria I T. 86B","Aleria I 1456"
"Aleria I T. 86B","Aleria I 1150"
"Aleria I T. 86B","Aleria I 354"
"Aleria I T. 86B","Lamboglia 35A"
"Aleria I T. 86B","Aleria I 178"
"Aleria I T. 86B","Aleria I 112"
"Aleria I T. 86B","Aleria I 1631"
"Aleria I T. 86B","Aleria I 1635"
"Aleria I T. 86B","Aleria I 1633"
"Aleria I T. 86B","Aleria I 1629"
"Aleria I T. 86B","Aleria I 1627"
"Aleria I T. 86B","Aleria I 1626"
"Aleria I T. 86B","Aleria I 1621"
"Aleria I T. 86B","Aleria I 393"
"Aleria I T. 86B","Aleria I 1636"
"Aleria I T. 86B","Aleria I 458"
"Aleria I T. 86B","Aleria I 1623"
"Aleria I T. 86B","Lamboglia 96"
"Aleria I T. 86B","Aleria I 344"
"Aleria I T. 86B","Aleria I 1619"
"Aleria I T. 86B","Genucilia"
"Aleria I T. 86B","Ferrara T. 585 Group"
"Aleria I T. 86B","Aleria I 902"
"Aleria I T. 86B","Aleria I 1687"
"Aleria I T. 86B","Aleria I 95"
"Aleria I T. 86B","Aleria I 1620"
"Aleria I T. 86B","RF Phantom Group"
"Aleria I T. 86B","Lamboglia 24/25"
"Aleria I T. 86A","Aleria I 1456"
"Aleria I T. 86A","Lamboglia 40E2"
"Aleria I T. 86A","Lamboglia 107"
"Aleria I T. 86A","Aleria I 1615"
"Aleria I T. 86A","Aleria I 1613"
"Aleria I T. 86A","Aleria I 1612"
"Aleria I T. 86A","Aleria I 458"
"Aleria I T. 86A","Aleria I 771"
"Aleria I T. 86A","Aleria I 1618"
"Aleria I T. 86A","Aleria I 1617"
"Aleria I T. 86A","Aleria I 1611"
"Aleria I T. 86A","Aleria I 449"
"Aleria I T. 86A","Aleria I 1619"
"Aleria I T. 86A","Aleria I 268"
"Aleria I T. 86A","Aleria I 49"
"Aleria I T. 86A","Lamboglia 117"
"Aleria I T. 86A","RF Phantom Group"
"Aleria I T. 86A","Aleria I 1614"
"Aleria I T. 86A","Aleria I 1604"
"Aleria I T. 42","Aleria I 598"
"Aleria I T. 42","Aleria I 741"
"Aleria I T. 42","Aleria I 732"
"Aleria I T. 42","Aleria I 731"
"Aleria I T. 42","Lamboglia 40E2"
"Aleria I T. 42","Aleria I 393"
"Aleria I T. 42","Lamboglia 117B"
"Aleria I T. 42","Aleria I 742"
"Aleria I T. 42","Aleria I 613"
"Aleria I T. 42","Aleria I 612"
"Aleria I T. 42","Aleria I 611"
"Aleria I T. 42","Aleria I 610a"
"Aleria I T. 42","Aleria I 609"
"Aleria I T. 42","Aleria I 608"
"Aleria I T. 42","Aleria I 599a"
"Aleria I T. 42","Aleria I 597"
"Aleria I T. 42","Aleria I 596"
"Aleria I T. 42","Aleria I 595"
"Aleria I T. 42","Lamboglia 21"
"Aleria I T. 42","Aleria I 615"
"Aleria I T. 42","Aleria I 614"
"Aleria I T. 42","Aleria I 607"
"Aleria I T. 42","Aleria I 605"
"Aleria I T. 42","Aleria I 743"
"Aleria I T. 42","Aleria I 740"
"Aleria I T. 42","Genucilia"
"Aleria I T. 42","Ferrara T. 585 Group"
"Aleria I T. 42","Aleria I 407"
"Aleria I T. 42","Aleria I 619"
"Aleria I T. 42","Aleria I 7"
"Aleria I T. 42","Aleria I 606"
"Aleria I T. 42","Aleria I 132"
"Aleria I T. 42","Aleria I 5"
"Aleria I T. 42","Lamboglia 118"
"Aleria I T. 42","Lamboglia 81"
"Aleria I T. 42","Gnathian Style"
"Aleria I T. 42","Aleria I 600"
"Aleria I T. 42","Aleria I 639"
"Aleria I T. 42","Lamboglia 25C"
"Aleria I T. 71","Aleria I 950"
"Aleria I T. 71","Aleria I 357"
"Aleria I T. 71","Aleria I 178"
"Aleria I T. 71","Aleria I 2258"
"Aleria I T. 71","Aleria I 167"
"Aleria I T. 71","Aleria I 1355"
"Aleria I T. 71","Aleria I 1349"
"Aleria I T. 71","Aleria I 1346"
"Aleria I T. 71","Aleria I 1344"
"Aleria I T. 71","Aleria I 1332"
"Aleria I T. 71","Aleria I 1326"
"Aleria I T. 71","AMPH Greco-Italic MGS IV"
"Aleria I T. 71","Lamboglia 25"
"Aleria I T. 71","Aleria I 443"
"Aleria I T. 71","Aleria I 1345"
"Aleria I T. 71","Aleria I 1342"
"Aleria I T. 71","Aleria I 1339"
"Aleria I T. 71","Aleria I 1338"
"Aleria I T. 71","Lamboglia 120"
"Aleria I T. 71","Aleria I 448"
"Aleria I T. 71","Aleria I 1348"
"Aleria I T. 71","Aleria I 1356"
"Aleria I T. 71","Lamboglia 40B2"
"Aleria I T. 71","Lamboglia 58E2"
"Aleria I T. 71","Aleria I 132"
"Aleria I T. 71","Lamboglia 118"
"Aleria I T. 71","Aleria I 452"
"Aleria I T. 71","RF Phantom Group"
"Aleria I T. 71","Aleria I 1331"
"Aleria I T. 71","Lamboglia 129"
"Aleria I T. 71","Aleria I 502"
"Aleria I T. 67","Aleria I 1092"
"Aleria I T. 67","Aleria I 1222"
"Aleria I T. 67","Aleria I 1224"
"Aleria I T. 67","Aleria I 1244"
"Aleria I T. 67","Aleria I 1109"
"Aleria I T. 67","Aleria I 796"
"Aleria I T. 67","Aleria I 1115"
"Aleria I T. 67","Aleria I 1221"
"Aleria I T. 67","Aleria I 1229"
"Aleria I T. 67","Aleria I 1228"
"Aleria I T. 67","Aleria I 1241"
"Aleria I T. 67","Aleria I 357"
"Aleria I T. 67","Aleria I 383"
"Aleria I T. 67","Aleria I 178"
"Aleria I T. 67","Lamboglia 21/27"
"Aleria I T. 67","Aleria I 1261"
"Aleria I T. 67","AMPH Greco-Italic MGS IV"
"Aleria I T. 67","Aleria I 1242"
"Aleria I T. 67","Aleria I 1226"
"Aleria I T. 67","Aleria I 1223"
"Aleria I T. 67","Aleria I 1095"
"Aleria I T. 67","Lamboglia 21"
"Aleria I T. 67","Lamboglia 25"
"Aleria I T. 67","Aleria I 1239"
"Aleria I T. 67","Lamboglia 96B"
"Aleria I T. 67","Aleria I 1240"
"Aleria I T. 67","Aleria I 1232"
"Aleria I T. 67","Aleria I 1225"
"Aleria I T. 67","Lamboglia 35"
"Aleria I T. 67","RF Xenon Group"
"Aleria I T. 67","Genucilia"
"Aleria I T. 67","Aleria I 1496"
"Aleria I T. 67","Ferrara T. 585 Group"
"Aleria I T. 67","Aleria I 1238"
"Aleria I T. 67","Aleria I 496"
"Aleria I T. 67","Aleria I 244"
"Aleria I T. 67","Aleria I 1363"
"Aleria I T. 67","Aleria I 1247"
"Aleria I T. 67","Jehasse 116"
"Aleria I T. 67","Aleria I 1237"
"Aleria I T. 67","RF Phantom Group"
"Aleria I T. 67","Lamboglia 30"
"Aleria II T. 137","Aleria II 2786"
"Aleria II T. 137","Aleria I 757"
"Aleria II T. 137","Aleria II 3802"
"Aleria II T. 137","Aleria II 2801"
"Aleria II T. 137","Aleria II 2791"
"Aleria II T. 137","Aleria II 2789"
"Aleria II T. 137","Aleria II 2787"
"Aleria II T. 137","Aleria II 2785"
"Aleria II T. 137","Aleria II 2783"
"Aleria II T. 137","Aleria II 2781"
"Aleria II T. 137","Aleria I 644"
"Aleria II T. 137","Aleria I 1315"
"Aleria II T. 137","Aleria II 2679"
"Aleria II T. 137","Lamboglia 25"
"Aleria II T. 137","Aleria I 771"
"Aleria II T. 137","Aleria I 2077"
"Aleria II T. 137","Aleria II 3126"
"Aleria II T. 137","Aleria II 3125"
"Aleria II T. 137","Aleria I 463"
"Aleria II T. 137","Lamboglia 35"
"Aleria II T. 137","Aleria II 2792"
"Aleria II T. 137","Aleria II 2676"
"Aleria II T. 137","Morel 2783g"
"Aleria II T. 137","Aleria II 2794"
"Aleria II T. 137","Aleria I 774"
"Aleria II T. 137","Aleria II 2686"
"Aleria II T. 137","Aleria II 2743"
"Aleria II T. 137","Aleria I 1312"
"Aleria II T. 137","Aleria II 2797"
"Aleria II T. 137","Aleria II 2793"
"Aleria II T. 137","Aleria II 2681"
"Aleria II T. 137","Morel 2765a"
"Aleria II T. 137","Aleria II 2684"
"Aleria II T. 137","Aleria II 2514"
"Aleria II T. 137","Aleria II 2795"
"Aleria II T. 137","Morel 4115a"
"Aleria II T. 137","Aleria II 3594"
"Aleria II T. 137","Aleria II 3580"
"Aleria II T. 137","Aleria II 2790"
"Aleria II T. 137","Aleria I 619"
"Aleria II T. 137","Aleria I 7"
"Aleria II T. 137","Lamboglia 117"
"Aleria II T. 137","Aleria I 71"
"Aleria II T. 137","Aleria I 132"
"Aleria II T. 137","Aleria II 2711"
"Aleria II T. 137","Aleria I 1422"
"Aleria II T. 137","Aleria I 1397"
"Aleria II T. 137","Aleria II 2698"
"Aleria II T. 137","Aleria II 2796"
"Aleria II T. 137","Aleria I 706"
"Aleria I T. 1","Aleria I 2225"
"Aleria I T. 1","RF Caeretan Painter A"
"Aleria I T. 1","Aleria I 376"
"Aleria I T. 1","Aleria I 319"
"Aleria I T. 1","Aleria I 2"
"Aleria I T. 1","RF Torcop Group"
"Aleria I T. 1","Aleria I 371"
"Aleria I T. 1","Aleria I 744"
"Aleria I T. 1","Aleria I 1"
"Aleria I T. 1","Aleria I 800"
"Aleria I T. 1","RF Populonia Painter"
"Aleria I T. 1","Aleria I 2083"
"Aleria I T. 1","Aleria I 76"
"Aleria I T. 88 West","Lamboglia 42A"
"Aleria I T. 88 West","Aleria I 1456"
"Aleria I T. 88 West","RF Carthage Painter"
"Aleria I T. 88 West","Lamboglia 35A"
"Aleria I T. 88 West","Aleria I 112"
"Aleria I T. 88 West","RF Caeretan"
"Aleria I T. 88 West","Aleria I 167"
"Aleria I T. 88 West","Lamboglia 25"
"Aleria I T. 88 West","Aleria I 1706"
"Aleria I T. 88 West","Aleria I 1703"
"Aleria I T. 88 West","Aleria I 1697"
"Aleria I T. 88 West","Aleria I 1696"
"Aleria I T. 88 West","Aleria I 1686"
"Aleria I T. 88 West","Aleria I 771"
"Aleria I T. 88 West","Aleria I 1619"
"Aleria I T. 88 West","Genucilia"
"Aleria I T. 88 West","Ferrara T. 585 Group"
"Aleria I T. 88 West","Aleria I 244"
"Aleria I T. 88 West","Aleria I 1685"
"Aleria I T. 88 West","Aleria I 1687"
"Aleria I T. 88 West","Lamboglia 107D"
"Aleria I T. 88 West","Aleria I 84"
"Aleria I T. 88 West","Aleria I 49"
"Aleria I T. 88 West","Aleria I 95"
"Aleria I T. 88 West","Aleria I 1695"
"Aleria I T. 88 West","RF Phantom Group"
"Aleria I T. 88 West","Aleria I 1692"
"Aleria I T. 88 West","Aleria I 1705"
"Aleria I T. 88 West","Aleria I 135"
"Aleria I T. 72","Aleria I 1361"
"Aleria I T. 72","Lamboglia 21/27"
"Aleria I T. 72","Lamboglia 22"
"Aleria I T. 72","Aleria I 971"
"Aleria I T. 72","Aleria I 1401"
"Aleria I T. 72","Aleria I 1362"
"Aleria I T. 72","Aleria I 1364"
"Aleria I T. 72","Aleria I 1400"
"Aleria I T. 72","Aleria I 1238"
"Aleria I T. 72","Aleria I 1363"
"Aleria I T. 72","Aleria I 88"
"Aleria I T. 72","Lamboglia 118"
"Aleria I T. 72","Aleria I 1360"
"Aleria I T. 72","Aleria I 1237"
"Aleria I T. 72","Aleria I 1393"
"Aleria I T. 52","RF Florence Painter"
"Aleria I T. 52","Aleria I 802"
"Aleria I T. 52","Aleria I 992"
"Aleria I T. 52","Aleria I 714"
"Aleria I T. 52","Aleria I 757"
"Aleria I T. 52","Lamboglia 125"
"Aleria I T. 52","Aleria I 725"
"Aleria I T. 52","Aleria I 178"
"Aleria I T. 52","RF Copenhagen Painter"
"Aleria I T. 52","Aleria I 758"
"Aleria I T. 52","Aleria I 724"
"Aleria I T. 52","Aleria I 723"
"Aleria I T. 52","Aleria I 719"
"Aleria I T. 52","Aleria I 716"
"Aleria I T. 52","Aleria I 713"
"Aleria I T. 52","Aleria I 1379"
"Aleria I T. 52","Aleria I 718"
"Aleria I T. 52","Aleria I 715"
"Aleria I T. 52","Genucilia"
"Aleria I T. 52","Aleria I 727"
"Aleria I T. 52","Ferrara T. 585 Group"
"Aleria I T. 52","Lamboglia 107D"
"Aleria I T. 52","Aleria I 84"
"Aleria I T. 52","Aleria I 7"
"Aleria I T. 52","Lamboglia 117"
"Aleria I T. 52","Aleria I 726"
"Aleria I T. 52","Aleria I 255"
"Aleria I T. 52","Aleria I 717"
"Aleria I T. 52","Aleria I 5"
"Aleria I T. 52","Aleria I 659"
"Aleria I T. 52","Aleria I 658"
"Aleria I T. 52","Aleria I 722"
"Aleria I T. 52","Aleria I 721"
"Aleria I T. 52","Aleria I 1378"
"Aleria I T. 52","Aleria I 720"
"Aleria I T. 52","Lamboglia 58"
"Aleria I T. 52","RF Phantom Group"
"Aleria I T. 52","Lamboglia 20"
"Aleria I T. 52","Aleria I 91"
"Aleria I T. 52","Aleria I 657"
"Aleria I T. 33","Teano Style"
"Aleria I T. 33","Aleria I 1136"
"Aleria I T. 33","Aleria I 354"
"Aleria I T. 33","Aleria I 357"
"Aleria I T. 33","Grand Congloué A p 40 fig 36bis"
"Aleria I T. 33","Grand Congloué A p 40 fig 36"
"Aleria I T. 33","Aleria I 839"
"Aleria I T. 33","Aleria I 1354"
"Aleria I T. 33","Aleria I 348"
"Aleria I T. 33","Aleria I 1261"
"Aleria I T. 33","Aleria I 1322"
"Aleria I T. 33","Aleria I 192"
"Aleria I T. 33","Aleria I 1636"
"Aleria I T. 33","Aleria I 376"
"Aleria I T. 33","Aleria I 319"
"Aleria I T. 33","Aleria I 2"
"Aleria I T. 33","RF Funnel Group Aleria Painter"
"Aleria I T. 33","Morel 3131b"
"Aleria I T. 33","Lamboglia 58D2"
"Aleria I T. 33","BG Elephant Plate"
"Aleria I T. 33","Alerria I 340"
"Aleria I T. 33","Aleriia I 1320"
"Aleria I T. 33","Aleria I 788"
"Aleria I T. 33","Aleria I 345"
"Aleria I T. 33","Aleria I 341"
"Aleria I T. 33","Aleria I 339"
"Aleria I T. 33","Aleria I 330"
"Aleria I T. 33","Aleria I 328"
"Aleria I T. 33","Aleria I 324"
"Aleria I T. 33","Aleria I 2169"
"Aleria I T. 33","Aleria I 2158"
"Aleria I T. 33","Aleria I 2156"
"Aleria I T. 33","Aleria I 1630"
"Aleria I T. 33","Aleria I 1464"
"Aleria I T. 33","Aleri I 1629"
"Aleria I T. 33","Aleria I 344"
"Aleria I T. 33","Aleria I 492"
"Aleria I T. 33","Aleria I 355"
"Aleria I T. 33","Aleria I 349"
"Aleria I T. 33","Aleria I 1319"
"Aleria I T. 33","Aleria I 1294"
"Aleria I T. 33","Aleria I 334"
"Aleria I T. 33","Lamboglia 96A"
"Aleria I T. 33","Aleria I 877"
"Aleria I T. 33","Aleria I 787"
"Aleria I T. 33","Aleria I 381"
"Aleria I T. 33","Aleria I 380"
"Aleria I T. 33","Aleria I 496"
"Aleria I T. 33","Aleria I 535"
"Aleria I T. 33","Aleria I 1462"
"Aleria I T. 33","Aleria I 268"
"Aleria I T. 33","Aleria I 929"
"Aleria I T. 33","Aleria I 861"
"Aleria I T. 33","Aleria I 860"
"Aleria I T. 33","Aleria I 321"
"Aleria I T. 33","Aleria I 2295"
"Aleria I T. 33","Aleria I 292"
"Aleria I T. 33","Aleria I 320"
"Aleria I T. 33","RF Populonia Painter"
"Aleria I T. 33","Aleria I 1215"
"Aleria I T. 33","Aleria I 59"
"Aleria I T. 33","Lamboglia 117"
"Aleria I T. 33","Aleria I 88"
"Aleria I T. 33","Aleria I 318"
"Aleria I T. 33","Aleria I 5"
"Aleria I T. 33","Lamboglia 118"
"Aleria I T. 33","Lamboglia 81"
"Aleria I T. 33","Aleria I 329"
"Aleria I T. 33","Aleria I 326"
"Aleria I T. 33","Gnathian Style"
"Aleria I T. 33","Aleria I 343"
"Aleria I T. 33","Aleria I 342"
"Aleria I T. 33","Aleria I 331"
"Aleria I T. 33","Aleria I 511"
"Aleria I T. 33","Aleria I 499"
"Aleria I T. 33","Aleria I 634"
"Aleria I T. 33","Lamboglia 24/25"
"Aleria II T. 169 Dromos","Aleria II 2863"
"Aleria II T. 169 Dromos","Aleria I 1222"
"Aleria II T. 169 Dromos","Aleria I 2155"
"Aleria II T. 169 Dromos","Aleria II 2612"
"Aleria II T. 169 Dromos","Aleria II 3923"
"Aleria II T. 169 Dromos","Morel 2714j"
"Aleria II T. 169 Dromos","Aleria II 3941"
"Aleria II T. 169 Dromos","Aleria II 3917"
"Aleria II T. 169 Dromos","Aleria II 3922"
"Aleria II T. 169 Dromos","Aleria II 3919"
"Aleria II T. 169 Dromos","Aleria II 3318"
"Aleria II T. 169 Dromos","Aleria II 3785"
"Aleria II T. 169 Dromos","Aleria I 980"
"Aleria II T. 169 Dromos","Aleria I 710"
"Aleria II T. 169 Dromos","Aleria II 3869"
"Aleria II T. 169 Dromos","Aleria II 2496"
"Aleria II T. 169 Dromos","Aleria II 3921"
"Aleria II T. 169 Dromos","Aleria II 3325"
"Aleria II T. 169 Dromos","Aleria I 987"
"Aleria II T. 169 Dromos","Morel 2783"
"Aleria II T. 169 Dromos","Aleria I 458"
"Aleria II T. 169 Dromos","Aleria II 2527"
"Aleria II T. 169 Dromos","Morel 6214c"
"Aleria II T. 169 Dromos","Morel 2714i"
"Aleria II T. 169 Dromos","Guzzo 1972 Class D"
"Aleria II T. 169 Dromos","Aleria II 3932"
"Aleria II T. 169 Dromos","Aleria II 3931"
"Aleria II T. 169 Dromos","Aleria II 3930"
"Aleria II T. 169 Dromos","Aleria II 3929"
"Aleria II T. 169 Dromos","Aleria II 3928"
"Aleria II T. 169 Dromos","Aleria II 3920"
"Aleria II T. 169 Dromos","Aleria II 3918"
"Aleria II T. 169 Dromos","Aleria II 3915"
"Aleria II T. 169 Dromos","Aleria II 3108"
"Aleria II T. 169 Dromos","Aleria II 3114"
"Aleria II T. 169 Dromos","Aleria II 3933"
"Aleria II T. 169 Dromos","Aleria I 1212"
"Aleria II T. 169 Dromos","Aleria I 447"
"Aleria II T. 169 Dromos","Aleria II 3536"
"Aleria II T. 169 Dromos","Aleria I 313"
"Aleria II T. 169 Dromos","Aleria II 3455"
"Aleria II T. 169 Dromos","Aleria I 71"
"Aleria II T. 169 Dromos","Aleria I 638"
"Aleria II T. 169 Dromos","Morel 1312"
"Aleria II T. 147D","Aleria II 3103"
"Aleria II T. 147D","Aleria II 3120"
"Aleria II T. 147D","Aleria I 1041"
"Aleria II T. 147D","Aleria II 2601"
"Aleria II T. 147D","Aleria II 3145"
"Aleria II T. 147D","Aleria II 3917"
"Aleria II T. 147D","Aleria I 1115"
"Aleria II T. 147D","Aleria II 3324"
"Aleria II T. 147D","Aleria II 3323"
"Aleria II T. 147D","Morel 4283"
"Aleria II T. 147D","Aleria II 3780"
"Aleria II T. 147D","Aleria II 2511"
"Aleria II T. 147D","Aleria II 3812"
"Aleria II T. 147D","Aleria II 3943"
"Aleria II T. 147D","Aleria I 112"
"Aleria II T. 147D","Aleria I 194"
"Aleria II T. 147D","Aleria I 167"
"Aleria II T. 147D","Aleria I 458"
"Aleria II T. 147D","Lamboglia 25"
"Aleria II T. 147D","Aleria II 3158"
"Aleria II T. 147D","Aleria II 2774"
"Aleria II T. 147D","Aleria II 3126"
"Aleria II T. 147D","Aleria II 3125"
"Aleria II T. 147D","Aleria II 2720"
"Aleria II T. 147D","Lamboglia 35"
"Aleria II T. 147D","Aleria I 344"
"Aleria II T. 147D","Aleria II 2792"
"Aleria II T. 147D","Aleria II 3114"
"Aleria II T. 147D","Morel 2786b"
"Aleria II T. 147D","Morel 2765"
"Aleria II T. 147D","Morel 2621b"
"Aleria II T. 147D","Morel 1322b"
"Aleria II T. 147D","Lamboglia 68"
"Aleria II T. 147D","Aleria II 3937"
"Aleria II T. 147D","Aleria II 3813"
"Aleria II T. 147D","Aleria II 3157"
"Aleria II T. 147D","Aleria II 3154"
"Aleria II T. 147D","Aleria II 3153"
"Aleria II T. 147D","Aleria II 3149"
"Aleria II T. 147D","Aleria II 3148"
"Aleria II T. 147D","Aleria II 3140"
"Aleria II T. 147D","Aleria II 3135"
"Aleria II T. 147D","Aleria II 3124"
"Aleria II T. 147D","Aleria II 3123"
"Aleria II T. 147D","Aleria II 3116"
"Aleria II T. 147D","Aleria II 3115"
"Aleria II T. 147D","Aleria II 3110"
"Aleria II T. 147D","Aleria II 3107"
"Aleria II T. 147D","Aleria II 3104"
"Aleria II T. 147D","Aleria II 3101"
"Aleria II T. 147D","Aleria II 2444"
"Aleria II T. 147D","Aleria I 795"
"Aleria II T. 147D","Morel 2786c"
"Aleria II T. 147D","Aleria II 2676"
"Aleria II T. 147D","Aleria I 166"
"Aleria II T. 147D","Morel 2783g"
"Aleria II T. 147D","Aleria II 2794"
"Aleria II T. 147D","Aleria II 3470"
"Aleria II T. 147D","Aleria I 1126"
"Aleria II T. 147D","Aleria II 3112"
"Aleria II T. 147D","Lamboglia 96A"
"Aleria II T. 147D","Aleria II 2686"
"Aleria II T. 147D","Aleria I 918"
"Aleria II T. 147D","Aleria I 1356"
"Aleria II T. 147D","Aleria I 776"
"Aleria II T. 147D","Aleria I 1212"
"Aleria II T. 147D","Aleria I 781"
"Aleria II T. 147D","Aleria I 67"
"Aleria II T. 147D","Aleria I 750"
"Aleria II T. 147D","Aleria II 3106"
"Aleria II T. 147D","Aleria II 3105"
"Aleria II T. 147D","Aleria I 310"
"Aleria II T. 147D","Aleria II 2743"
"Aleria II T. 147D","Aleria I 94"
"Aleria II T. 147D","Aleria I 313"
"Aleria II T. 147D","Aleria II 2514"
"Aleria II T. 147D","Aleria II 3901"
"Aleria II T. 147D","Aleria I 293"
"Aleria II T. 147D","Aleria II 3132"
"Aleria II T. 147D","Aleria II 2675"
"Aleria II T. 147D","Aleria II 2741"
"Aleria II T. 147D","Aleria I 49"
"Aleria II T. 147D","Aleria I 95"
"Aleria II T. 147D","Aleria II 3152"
"Aleria II T. 147D","Aleria II 3121"
"Aleria II T. 147D","Aleria II 3111"
"Aleria II T. 147D","Aleria I 907"
"Aleria II T. 147D","Aleria II 3598"
"Aleria II T. 147D","Aleria II 2691"
"Aleria II T. 147D","Lamboglia 26/27"
"Aleria II T. 147D","Aleria I 1215"
"Aleria II T. 147D","Aleria II 2708"
"Aleria II T. 147D","Aleria I 7"
"Aleria II T. 147D","Aleria II 2699"
"Aleria II T. 147D","Aleria II 2736"
"Aleria II T. 147D","Lamboglia 117"
"Aleria II T. 147D","Aleria II 3906"
"Aleria II T. 147D","Aleria II 3122"
"Aleria II T. 147D","Aleria II 2733"
"Aleria II T. 147D","Aleria II 3144"
"Aleria II T. 147D","Aleria I 691"
"Aleria II T. 147D","Aleria II 2711"
"Aleria II T. 147D","Aleria II 3143"
"Aleria II T. 147D","Morel 4115f"
"Aleria II T. 147D","Aleria II 2698"
"Aleria II T. 147D","Aleria II 2504"
"Aleria II T. 147D","Aleria I 1202"
"Aleria II T. 147D","Lamboglia 36C"
"Aleria II T. 147D","Aleria I 61"
"Aleria II T. 147D","Aleria I 91"
"Aleria II T. 147D","Aleria I 706"
"Aleria II T. 147D","Aleria I 689"
"Aleria II T. 147D","Aleria I 10"
"Aleria II T. 147D","Aleria I 519"
"Aleria II T. 147D","Lamboglia 60B"
"Aleria I T. 33 Dromos","Aleria I 993"
"Aleria I T. 33 Dromos","Aleria I 172"
"Aleria I T. 33 Dromos","Aleria I 390"
"Aleria I T. 33 Dromos","Aleria I 801"
"Aleria I T. 33 Dromos","Aleria I 442"
"Aleria I T. 33 Dromos","Aleria I 1229"
"Aleria I T. 33 Dromos","Aleria I 401"
"Aleria I T. 33 Dromos","Aleria I 1101"
"Aleria I T. 33 Dromos","Aleria I 383"
"Aleria I T. 33 Dromos","Aleria I 395"
"Aleria I T. 33 Dromos","Aleria I 738"
"Aleria I T. 33 Dromos","Aleria I 288"
"Aleria I T. 33 Dromos","Lamboglia 40E2"
"Aleria I T. 33 Dromos","Aleria I 1484"
"Aleria I T. 33 Dromos","Aleria I 1483"
"Aleria I T. 33 Dromos","Aleria I 393"
"Aleria I T. 33 Dromos","Lamboglia 21"
"Aleria I T. 33 Dromos","Aleria I 2254"
"Aleria I T. 33 Dromos","Aleria I 2243"
"Aleria I T. 33 Dromos","Aleria I 1217"
"Aleria I T. 33 Dromos","Aleria I 458"
"Aleria I T. 33 Dromos","Aleria I 461"
"Aleria I T. 33 Dromos","Aleria I 1623"
"Aleria I T. 33 Dromos","Aleria I 1618"
"Aleria I T. 33 Dromos","Aleria I 1617"
"Aleria I T. 33 Dromos","Aleria I 1611"
"Aleria I T. 33 Dromos","Aleria I 449"
"Aleria I T. 33 Dromos","Aleria I 1239"
"Aleria I T. 33 Dromos","Aleria I 615"
"Aleria I T. 33 Dromos","Aleria I 614"
"Aleria I T. 33 Dromos","Aleria I 607"
"Aleria I T. 33 Dromos","Aleria I 605"
"Aleria I T. 33 Dromos","Aleria I 443"
"Aleria I T. 33 Dromos","Aleria I 1345"
"Aleria I T. 33 Dromos","Aleria I 1342"
"Aleria I T. 33 Dromos","Aleria I 1339"
"Aleria I T. 33 Dromos","Aleria I 1338"
"Aleria I T. 33 Dromos","Lamboglia 96B"
"Aleria I T. 33 Dromos","Aleria I 1240"
"Aleria I T. 33 Dromos","Aleria I 1232"
"Aleria I T. 33 Dromos","Aleria I 1225"
"Aleria I T. 33 Dromos","Aleria I 463"
"Aleria I T. 33 Dromos","Aleria I 376"
"Aleria I T. 33 Dromos","Aleria I 319"
"Aleria I T. 33 Dromos","Aleria I 2"
"Aleria I T. 33 Dromos","Aleria I 460"
"Aleria I T. 33 Dromos","Aleria I 1364"
"Aleria I T. 33 Dromos","Aleria I 448"
"Aleria I T. 33 Dromos","Aleria I 344"
"Aleria I T. 33 Dromos","Aleria I 492"
"Aleria I T. 33 Dromos","Aleria I 808"
"Aleria I T. 33 Dromos","Aleria I 459"
"Aleria I T. 33 Dromos","Thompson Hesperia 3 1934 p 433 fig 116"
"Aleria I T. 33 Dromos","Olynthus XIII n 858"
"Aleria I T. 33 Dromos","Olynthus XIII n 854"
"Aleria I T. 33 Dromos","Lamboglia 58E1"
"Aleria I T. 33 Dromos","Lamboglia 36\D"
"Aleria I T. 33 Dromos","Corbett Hesperia 18 1949 p 325 fig 3"
"Aleria I T. 33 Dromos","Aleria I 974"
"Aleria I T. 33 Dromos","Aleria I 973"
"Aleria I T. 33 Dromos","Aleria I 920"
"Aleria I T. 33 Dromos","Aleria I 917"
"Aleria I T. 33 Dromos","Aleria I 831"
"Aleria I T. 33 Dromos","Aleria I 829"
"Aleria I T. 33 Dromos","Aleria I 827"
"Aleria I T. 33 Dromos","Aleria I 819"
"Aleria I T. 33 Dromos","Aleria I 816"
"Aleria I T. 33 Dromos","Aleria I 814"
"Aleria I T. 33 Dromos","Aleria I 810"
"Aleria I T. 33 Dromos","Aleria I 522"
"Aleria I T. 33 Dromos","Aleria I 497"
"Aleria I T. 33 Dromos","Aleria I 485"
"Aleria I T. 33 Dromos","Aleria I 483"
"Aleria I T. 33 Dromos","Aleria I 476"
"Aleria I T. 33 Dromos","Aleria I 469"
"Aleria I T. 33 Dromos","Aleria I 468"
"Aleria I T. 33 Dromos","Aleria I 467"
"Aleria I T. 33 Dromos","Aleria I 466"
"Aleria I T. 33 Dromos","Aleria I 464"
"Aleria I T. 33 Dromos","Aleria I 457"
"Aleria I T. 33 Dromos","Aleria I 435"
"Aleria I T. 33 Dromos","Aleria I 434"
"Aleria I T. 33 Dromos","Aleria I 410"
"Aleria I T. 33 Dromos","Aleria I 408"
"Aleria I T. 33 Dromos","Aleria I 405"
"Aleria I T. 33 Dromos","Aleria I 403"
"Aleria I T. 33 Dromos","Aleria I 402"
"Aleria I T. 33 Dromos","Aleria I 398"
"Aleria I T. 33 Dromos","Aleria I 385"
"Aleria I T. 33 Dromos","Aleria I 382"
"Aleria I T. 33 Dromos","Aleria I 373"
"Aleria I T. 33 Dromos","Aleria I 372"
"Aleria I T. 33 Dromos","Aleria I 2239"
"Aleria I T. 33 Dromos","Aleria I 2230"
"Aleria I T. 33 Dromos","Aleria I 1694"
"Aleria I T. 33 Dromos","Aleria I 1691"
"Aleria I T. 33 Dromos","Aleria I 1628"
"Aleria I T. 33 Dromos","Aleria I 1482"
"Aleria I T. 33 Dromos","Aleria I 1405"
"Aleria I T. 33 Dromos","Aleria I 1404"
"Aleria I T. 33 Dromos","Aleria I 1394"
"Aleria I T. 33 Dromos","Aleria I 1330"
"Aleria I T. 33 Dromos","Aleria I 1267"
"Aleria I T. 33 Dromos","Lamboglia 40F3"
"Aleria I T. 33 Dromos","Aleria I 166"
"Aleria I T. 33 Dromos","Aleria I 1273"
"Aleria I T. 33 Dromos","Aleria I 1272"
"Aleria I T. 33 Dromos","Genucilia"
"Aleria I T. 33 Dromos","Aleria I 478"
"Aleria I T. 33 Dromos","Aleria I 490"
"Aleria I T. 33 Dromos","Lamboglia 96A"
"Aleria I T. 33 Dromos","Aleria I 67"
"Aleria I T. 33 Dromos","Aleria I 496"
"Aleria I T. 33 Dromos","Aleria I 750"
"Aleria I T. 33 Dromos","Aleria I 970"
"Aleria I T. 33 Dromos","Aleria I 854"
"Aleria I T. 33 Dromos","Aleria I 768"
"Aleria I T. 33 Dromos","Aleria I 764"
"Aleria I T. 33 Dromos","Aleria I 751"
"Aleria I T. 33 Dromos","Aleria I 384"
"Aleria I T. 33 Dromos","Aleria I 1114"
"Aleria I T. 33 Dromos","Aleria I 447"
"Aleria I T. 33 Dromos","Aleria I 902"
"Aleria I T. 33 Dromos","RF Torcop Group"
"Aleria I T. 33 Dromos","Aleria I 297"
"Aleria I T. 33 Dromos","Aleria I 1716"
"Aleria I T. 33 Dromos","Aleria I 407"
"Aleria I T. 33 Dromos","Aleria I 310"
"Aleria I T. 33 Dromos","Aleria I 275"
"Aleria I T. 33 Dromos","Aleria I 371"
"Aleria I T. 33 Dromos","Aleria I 114"
"Aleria I T. 33 Dromos","Jehasse 116"
"Aleria I T. 33 Dromos","Aleria I 1"
"Aleria I T. 33 Dromos","Aleria I 981"
"Aleria I T. 33 Dromos","Lamboglia 40B2"
"Aleria I T. 33 Dromos","Aleria I 862"
"Aleria I T. 33 Dromos","Aleria I 755"
"Aleria I T. 33 Dromos","Aleria I 389"
"Aleria I T. 33 Dromos","Aleria I 892"
"Aleria I T. 33 Dromos","Aleria I 891"
"Aleria I T. 33 Dromos","Aleria I 44"
"Aleria I T. 33 Dromos","Aleria I 370"
"Aleria I T. 33 Dromos","Aleria I 394"
"Aleria I T. 33 Dromos","Aleria I 702"
"Aleria I T. 33 Dromos","Aleria I 387"
"Aleria I T. 33 Dromos","RF Populonia Painter"
"Aleria I T. 33 Dromos","Aleria I 433"
"Aleria I T. 33 Dromos","Lamboglia 26/27"
"Aleria I T. 33 Dromos","Aleria I 1502"
"Aleria I T. 33 Dromos","Aleria I 397"
"Aleria I T. 33 Dromos","Aleria I 300"
"Aleria I T. 33 Dromos","Aleria I 59"
"Aleria I T. 33 Dromos","Aleria I 7"
"Aleria I T. 33 Dromos","Aleria I 683"
"Aleria I T. 33 Dromos","Aleria I 285"
"Aleria I T. 33 Dromos","Lamboglia 117"
"Aleria I T. 33 Dromos","Lamboglia 58E2"
"Aleria I T. 33 Dromos","Aleria I 606"
"Aleria I T. 33 Dromos","Aleria I 886"
"Aleria I T. 33 Dromos","Aleria I 391"
"Aleria I T. 33 Dromos","Aleria I 455"
"Aleria I T. 33 Dromos","Aleria I 454"
"Aleria I T. 33 Dromos","Aleria I 453"
"Aleria I T. 33 Dromos","Aleria I 251"
"Aleria I T. 33 Dromos","Aleria I 672"
"Aleria I T. 33 Dromos","Aleria I 2088"
"Aleria I T. 33 Dromos","Aleria I 132"
"Aleria I T. 33 Dromos","Aleria I 900"
"Aleria I T. 33 Dromos","Aleria I 85"
"Aleria I T. 33 Dromos","Aleria I 267"
"Aleria I T. 33 Dromos","Lamboglia 118"
"Aleria I T. 33 Dromos","Lamboglia 40"
"Aleria I T. 33 Dromos","Lamboglia 81"
"Aleria I T. 33 Dromos","Aleria I 425"
"Aleria I T. 33 Dromos","Aleria I 47"
"Aleria I T. 33 Dromos","Aleria I 392"
"Aleria I T. 33 Dromos","Lamboglia 43A3"
"Aleria I T. 33 Dromos","Aleria I 83"
"Aleria I T. 33 Dromos","Aleria I 386"
"Aleria I T. 33 Dromos","Aleria I 12"
"Aleria I T. 33 Dromos","Aleria I 1403"
"Aleria I T. 33 Dromos","Aleria I 1380"
"Aleria I T. 33 Dromos","Aleria I 11"
"Aleria I T. 33 Dromos","Aleria I 309"
"Aleria I T. 33 Dromos","Aleria I 484"
"Aleria I T. 33 Dromos","Aleria I 441"
"Aleria I T. 33 Dromos","Aleria I 452"
"Aleria I T. 33 Dromos","Aleria I 326"
"Aleria I T. 33 Dromos","Lamboglia 22/27"
"Aleria I T. 33 Dromos","Lamboglia 36C"
"Aleria I T. 33 Dromos","Aleria I 164"
"Aleria I T. 33 Dromos","Aleria I 451"
"Aleria I T. 33 Dromos","Aleria I 396"
"Aleria I T. 33 Dromos","Aleria I 640"
"Aleria I T. 33 Dromos","Aleria I 428"
"Aleria I T. 33 Dromos","Lamboglia 25C"
"Aleria I T. 33 Dromos","Aleria I 10"
"Aleria I T. 33 Dromos","Lamboglia 25B"
"Aleria I T. 33 Dromos","Lamboglia 27B"
"Aleria I T. 33 Dromos","Aleria I 570"
"Aleria I T. 70","Aleria I 2033"
"Aleria I T. 70","Aleria I 357"
"Aleria I T. 70","Aleria I 178"
"Aleria I T. 70","Aleria I 1322"
"Aleria I T. 70","Lamboglia 35"
"Aleria I T. 70","Genucilia"
"Aleria I T. 70","Aleria I 1610"
"Aleria I T. 70","Aleria I 1392"
"Aleria I T. 70","Aleria I 1311"
"Aleria I T. 70","Aleria I 1310"
"Aleria I T. 70","Aleria I 1270"
"Aleria I T. 70","Aleria I 807"
"Aleria I T. 70","Aleria I 781"
"Aleria I T. 70","Aleria I 67"
"Aleria I T. 70","Aleria I 1312"
"Aleria I T. 70","Aleria I 277"
"Aleria I T. 70","Aleria I 279"
"Aleria I T. 70","Aleria I 278"
"Aleria I T. 70","Aleria I 1309"
"Aleria I T. 70","Aleria I 95"
"Aleria I T. 70","Aleria I 815"
"Aleria I T. 70","Aleria I 813"
"Aleria I T. 70","Aleria I 812"
"Aleria I T. 70","Aleria I 809"
"Aleria I T. 70","Aleria I 1690"
"Aleria I T. 70","Aleria I 1269"
"Aleria I T. 70","Aleria I 1268"
"Aleria I T. 70","Aleria I 391"
"Aleria I T. 70","Aleria I 47"
"Aleria I T. 70","Aleria I 392"
"Aleria I T. 70","Gnathian Style"
"Aleria I T. 70","Aleria I 1208"
"Aleria I T. 70","RF Phantom Group"
"Aleria I T. 70","Aleria I 82"
"Aleria I T. 70","Aleria I 81"
"Aleria I T. 70","Aleria I 2289"
"Aleria I T. 69","Aleria I 2033"
"Aleria I T. 69","Aleria I 652"
"Aleria I T. 69","Aleria I 1295"
"Aleria I T. 69","Aleria I 354"
"Aleria I T. 69","Aleria I 1284"
"Aleria I T. 69","Aleria I 1135"
"Aleria I T. 69","Aleria I 383"
"Aleria I T. 69","Aleria I 178"
"Aleria I T. 69","Aleria I 348"
"Aleria I T. 69","Aleria I 777"
"Aleria I T. 69","Aleria I 1279"
"Aleria I T. 69","Aleria I 167"
"Aleria I T. 69","Aleria I 393"
"Aleria I T. 69","Lamboglia 21"
"Aleria I T. 69","Lamboglia 25"
"Aleria I T. 69","Aleria I 771"
"Aleria I T. 69","Lamboglia 35"
"Aleria I T. 69","RF Xenon Group"
"Aleria I T. 69","Aleria I 355"
"Aleria I T. 69","Aleria I 349"
"Aleria I T. 69","Aleria I 1319"
"Aleria I T. 69","Aleria I 1294"
"Aleria I T. 69","Aleria I 1273"
"Aleria I T. 69","Aleria I 1272"
"Aleria I T. 69","Genucilia"
"Aleria I T. 69","Aleria I 1610"
"Aleria I T. 69","Aleria I 1392"
"Aleria I T. 69","Aleria I 1311"
"Aleria I T. 69","Aleria I 1310"
"Aleria I T. 69","Aleria I 1270"
"Aleria I T. 69","Aleria I 1316"
"Aleria I T. 69","Aleria I 1313"
"Aleria I T. 69","Aleria I 1307"
"Aleria I T. 69","Aleria I 1300"
"Aleria I T. 69","Aleria I 1299"
"Aleria I T. 69","Aleria I 1288"
"Aleria I T. 69","Aleria I 1286"
"Aleria I T. 69","Aleria I 1282"
"Aleria I T. 69","Aleria I 1278"
"Aleria I T. 69","Aleria I 1274"
"Aleria I T. 69","Ferrara T. 585 Group"
"Aleria I T. 69","Aleria I 1283"
"Aleria I T. 69","Aleria I 781"
"Aleria I T. 69","Aleria I 67"
"Aleria I T. 69","Aleria I 1312"
"Aleria I T. 69","Aleria I 114"
"Aleria I T. 69","Aleria I 277"
"Aleria I T. 69","Aleria I 279"
"Aleria I T. 69","Aleria I 278"
"Aleria I T. 69","Aleria I 1309"
"Aleria I T. 69","Aleria I 95"
"Aleria I T. 69","Aleria I 48"
"Aleria I T. 69","Aleria I 1376"
"Aleria I T. 69","Aleria I 1266"
"Aleria I T. 69","Aleria I 617"
"Aleria I T. 69","Aleria I 1285"
"Aleria I T. 69","Aleria I 1203"
"Aleria I T. 69","RF Phantom Group"
"Aleria I T. 69","Aleria I 91"
"Aleria I T. 69","Lamboglia 107C"
"Aleria I T. 69","Lamboglia 25B"
"Aleria I T. 69","Lamboglia 24/25"
"Aleria I T. 18","Aleria I 178"
"Aleria I T. 18","Aleria I 681"
"Aleria I T. 18","Aleria I 177"
"Aleria I T. 18","RF Phantom Group"
"Aleria II T. 156","Aleria II 2486"
"Aleria II T. 156","Aleria II 3473"
"Aleria II T. 156","Aleria I 172"
"Aleria II T. 156","Aleria II 3321"
"Aleria II T. 156","Morel 4253d"
"Aleria II T. 156","Pocolom"
"Aleria II T. 156","Aleria II 3766"
"Aleria II T. 156","Aleria II 3459"
"Aleria II T. 156","Aleria I 950"
"Aleria II T. 156","Aleria II 3812"
"Aleria II T. 156","Aleria II 3943"
"Aleria II T. 156","Aleria II 3921"
"Aleria II T. 156","Aleria II 3325"
"Aleria II T. 156","Aleria I 395"
"Aleria II T. 156","Aleria II 3974"
"Aleria II T. 156","Aleria II 3480"
"Aleria II T. 156","Aleria II 4018"
"Aleria II T. 156","Aleria II 3449"
"Aleria II T. 156","Aleria II 4105"
"Aleria II T. 156","Aleria II 4102"
"Aleria II T. 156","Aleria II 4096"
"Aleria II T. 156","Aleria II 3476"
"Aleria II T. 156","Aleria II 3451"
"Aleria II T. 156","Lamboglia 21"
"Aleria II T. 156","Aleria II 2720"
"Aleria II T. 156","Lamboglia 35"
"Aleria II T. 156","Aleria II 2498"
"Aleria II T. 156","Aleria I 334"
"Aleria II T. 156","Aleria II 2676"
"Aleria II T. 156","Aleria II 3466"
"Aleria II T. 156","Genucilia"
"Aleria II T. 156","Morel 2621"
"Aleria II T. 156","Aleria II 3470"
"Aleria II T. 156","Aleria I 478"
"Aleria II T. 156","Aleria I 807"
"Aleria II T. 156","Morel 5644c1"
"Aleria II T. 156","Morel 5644c"
"Aleria II T. 156","Morel 4283a"
"Aleria II T. 156","Morel 2762a"
"Aleria II T. 156","Morel 2536"
"Aleria II T. 156","Lamboglia 101"
"Aleria II T. 156","Aleria II 4283"
"Aleria II T. 156","Aleria II 3927"
"Aleria II T. 156","Aleria II 3479"
"Aleria II T. 156","Aleria II 3478"
"Aleria II T. 156","Aleria II 3477"
"Aleria II T. 156","Aleria II 3472"
"Aleria II T. 156","Aleria II 3471"
"Aleria II T. 156","Aleria II 3468"
"Aleria II T. 156","Aleria II 3467"
"Aleria II T. 156","Aleria II 3465"
"Aleria II T. 156","Aleria II 3462"
"Aleria II T. 156","Aleria II 3460"
"Aleria II T. 156","Aleria II 3457"
"Aleria II T. 156","Aleria II 3456"
"Aleria II T. 156","Aleria II 3454"
"Aleria II T. 156","Aleria II 3453"
"Aleria II T. 156","Aleria II 3452"
"Aleria II T. 156","Aleria II 3450"
"Aleria II T. 156","Aleria I 1126"
"Aleria II T. 156","Lamboglia 96A"
"Aleria II T. 156","Aleria I 776"
"Aleria II T. 156","Aleria II 3810"
"Aleria II T. 156","Aleria I 1212"
"Aleria II T. 156","Aleria I 750"
"Aleria II T. 156","Aleria II 3461"
"Aleria II T. 156","Aleria II 3458"
"Aleria II T. 156","Aleria I 1312"
"Aleria II T. 156","Aleria I 744"
"Aleria II T. 156","Aleria I 737"
"Aleria II T. 156","Morel 5425b"
"Aleria II T. 156","Morel 1111"
"Aleria II T. 156","Aleria I 293"
"Aleria II T. 156","Aleria I 49"
"Aleria II T. 156","Aleria II 3474"
"Aleria II T. 156","Aleria II 2693"
"Aleria II T. 156","Aleria II 2500"
"Aleria II T. 156","Aleria I 770"
"Aleria II T. 156","Aleria I 320"
"Aleria II T. 156","RF Populonia Painter"
"Aleria II T. 156","Lamboglia 26/27"
"Aleria II T. 156","Aleria II 3455"
"Aleria II T. 156","Aleria I 59"
"Aleria II T. 156","Aleria I 269"
"Aleria II T. 156","Morel 2771h"
"Aleria II T. 156","Aleria II 3469"
"Aleria II T. 156","Aleria II 3463"
"Aleria II T. 156","Aleria II 3893"
"Aleria II T. 156","Aleria I 783"
"Aleria II T. 156","Aleria I 691"
"Aleria II T. 156","Aleria I 132"
"Aleria II T. 156","Aleria I 5"
"Aleria II T. 156","Lamboglia 118"
"Aleria II T. 156","Aleria I 9"
"Aleria II T. 156","Lamboglia 81"
"Aleria II T. 156","Lamboglia 40C3"
"Aleria II T. 156","Aleria I 2089"
"Aleria II T. 156","Aleria I 272"
"Aleria II T. 156","Aleria II 3475"
"Aleria II T. 156","Aleria I 6"
"Aleria II T. 156","Aleria II 2504"
"Aleria II T. 156","Aleria II 3818"
"Aleria II T. 156","Lamboglia 59"
"Aleria II T. 156","Aleria II 3899"
"Aleria II T. 156","Aleria I 228"
"Aleria I T. 54","Aleria I 989"
"Aleria I T. 54","Aleria I 985"
"Aleria I T. 54","Aleria I 980"
"Aleria I T. 54","Aleria I 987"
"Aleria I T. 54","Aleria I 167"
"Aleria I T. 54","Lamboglia 25"
"Aleria I T. 54","Aleria I 165"
"Aleria I T. 54","Aleria I 718"
"Aleria I T. 54","Aleria I 983"
"Aleria I T. 54","Aleria I 976"
"Aleria I T. 54","Aleria I 975"
"Aleria I T. 54","Aleria I 2284"
"Aleria I T. 54","Aleria I 981"
"Aleria I T. 54","Aleria I 7"
"Aleria I T. 54","Aleria I 984"
"Aleria I T. 54","Lamboglia 117"
"Aleria I T. 54","Aleria I 691"
"Aleria I T. 54","Aleria I 978"
"Aleria I T. 54","RF Phantom Group"
"Aleria I T. 54","Lamboglia 25B"
"Aleria II T. 168 Group 2","Aleria II 3838"
"Aleria II T. 168 Group 2","Aleria II 2490"
"Aleria II T. 168 Group 2","Aleria II 3072"
"Aleria II T. 168 Group 2","Lamboglia 70"
"Aleria II T. 168 Group 2","Aleria I 1109"
"Aleria II T. 168 Group 2","Aleria II 2639"
"Aleria II T. 168 Group 2","Aleria I 2076"
"Aleria II T. 168 Group 2","Aleria II 2448"
"Aleria II T. 168 Group 2","Morel 3521a"
"Aleria II T. 168 Group 2","Aleria II 4012"
"Aleria II T. 168 Group 2","Aleria II 3842"
"Aleria II T. 168 Group 2","Aleria II 2771"
"Aleria II T. 168 Group 2","Aleria I 733"
"Aleria II T. 168 Group 2","Aleria II 3317"
"Aleria II T. 168 Group 2","Aleria I 710"
"Aleria II T. 168 Group 2","RF Char Group"
"Aleria II T. 168 Group 2","Aleria II 3806"
"Aleria II T. 168 Group 2","Aleria II 3797"
"Aleria II T. 168 Group 2","Aleria II 3763"
"Aleria II T. 168 Group 2","Aleria II 2530"
"Aleria II T. 168 Group 2","Aleria II 3869"
"Aleria II T. 168 Group 2","Aleria I 348"
"Aleria II T. 168 Group 2","Lamboglia 40E2"
"Aleria II T. 168 Group 2","Aleria II 3951"
"Aleria II T. 168 Group 2","Aleria II 3816"
"Aleria II T. 168 Group 2","Aleria II 3882"
"Aleria II T. 168 Group 2","Aleria II 3847"
"Aleria II T. 168 Group 2","Aleria II 3845"
"Aleria II T. 168 Group 2","Aleria II 3550"
"Aleria II T. 168 Group 2","Aleria II 2526"
"Aleria II T. 168 Group 2","Lamboglia 25"
"Aleria II T. 168 Group 2","Aleria I 449"
"Aleria II T. 168 Group 2","Aleria I 2077"
"Aleria II T. 168 Group 2","Aleria I 174"
"Aleria II T. 168 Group 2","Lamboglia 35"
"Aleria II T. 168 Group 2","Aleria I 460"
"Aleria II T. 168 Group 2","Aleria I 448"
"Aleria II T. 168 Group 2","Aleria I 344"
"Aleria II T. 168 Group 2","Aleria II 2498"
"Aleria II T. 168 Group 2","Morel 2786c"
"Aleria II T. 168 Group 2","Aleria II 3526"
"Aleria II T. 168 Group 2","Lamboglia 40F3"
"Aleria II T. 168 Group 2","Aleria II 2676"
"Aleria II T. 168 Group 2","Aleria I 715"
"Aleria II T. 168 Group 2","Morel 2783g"
"Aleria II T. 168 Group 2","Genucilia"
"Aleria II T. 168 Group 2","Aleria II 3933"
"Aleria II T. 168 Group 2","Aleria II 3112"
"Aleria II T. 168 Group 2","Aleria I 490"
"Aleria II T. 168 Group 2","Aleria I 774"
"Aleria II T. 168 Group 2","Lamboglia 96A"
"Aleria II T. 168 Group 2","Aleria I 918"
"Aleria II T. 168 Group 2","Aleria II 3810"
"Aleria II T. 168 Group 2","Aleria I 1212"
"Aleria II T. 168 Group 2","Aleria I 750"
"Aleria II T. 168 Group 2","Morel 5472a"
"Aleria II T. 168 Group 2","Morel 5451b"
"Aleria II T. 168 Group 2","Morel 3533a"
"Aleria II T. 168 Group 2","Morel 3521b"
"Aleria II T. 168 Group 2","Morel 3514a"
"Aleria II T. 168 Group 2","Morel 2787c"
"Aleria II T. 168 Group 2","Morel 2621k"
"Aleria II T. 168 Group 2","Morel 2222b"
"Aleria II T. 168 Group 2","Morel 1514f"
"Aleria II T. 168 Group 2","Guzzo 1972 Class D 3"
"Aleria II T. 168 Group 2","COIN Carthage Tanit-Horse to r."
"Aleria II T. 168 Group 2","Aleria II 4474"
"Aleria II T. 168 Group 2","Aleria II 4375"
"Aleria II T. 168 Group 2","Aleria II 3874b"
"Aleria II T. 168 Group 2","Aleria II 3874a"
"Aleria II T. 168 Group 2","Aleria II 3873"
"Aleria II T. 168 Group 2","Aleria II 3865"
"Aleria II T. 168 Group 2","Aleria II 3863"
"Aleria II T. 168 Group 2","Aleria II 3861"
"Aleria II T. 168 Group 2","Aleria II 3860"
"Aleria II T. 168 Group 2","Aleria II 3859"
"Aleria II T. 168 Group 2","Aleria II 3858"
"Aleria II T. 168 Group 2","Aleria II 3857"
"Aleria II T. 168 Group 2","Aleria II 3856"
"Aleria II T. 168 Group 2","Aleria II 3855"
"Aleria II T. 168 Group 2","Aleria II 3854"
"Aleria II T. 168 Group 2","Aleria II 3853"
"Aleria II T. 168 Group 2","Aleria II 3852"
"Aleria II T. 168 Group 2","Aleria II 3851"
"Aleria II T. 168 Group 2","Aleria II 3850"
"Aleria II T. 168 Group 2","Aleria II 3849"
"Aleria II T. 168 Group 2","Aleria II 3846"
"Aleria II T. 168 Group 2","Aleria II 3844"
"Aleria II T. 168 Group 2","Aleria II 3841"
"Aleria II T. 168 Group 2","Aleria II 3839"
"Aleria II T. 168 Group 2","Aleria II 3837"
"Aleria II T. 168 Group 2","Aleria II 3836"
"Aleria II T. 168 Group 2","Aleria II 3835"
"Aleria II T. 168 Group 2","Aleria II 3834"
"Aleria II T. 168 Group 2","Aleria II 3833"
"Aleria II T. 168 Group 2","Aleria II 3832"
"Aleria II T. 168 Group 2","Aleria II 3831"
"Aleria II T. 168 Group 2","Aleria II 3830"
"Aleria II T. 168 Group 2","Aleria II 3829"
"Aleria II T. 168 Group 2","Aleria II 3828"
"Aleria II T. 168 Group 2","Aleria II 3827"
"Aleria II T. 168 Group 2","Aleria II 3825"
"Aleria II T. 168 Group 2","Aleria II 3824"
"Aleria II T. 168 Group 2","Aleria II 3822"
"Aleria II T. 168 Group 2","Aleria II 3821"
"Aleria II T. 168 Group 2","Aleria II 3815"
"Aleria II T. 168 Group 2","Aleria II 3811"
"Aleria II T. 168 Group 2","Aleria II 3808"
"Aleria II T. 168 Group 2","Aleria II 2502"
"Aleria II T. 168 Group 2","Aleria I 734"
"Aleria II T. 168 Group 2","Aleria I 310"
"Aleria II T. 168 Group 2","Aleria II 2743"
"Aleria II T. 168 Group 2","Aleria I 1312"
"Aleria II T. 168 Group 2","Aleria II 3536"
"Aleria II T. 168 Group 2","Aleria II 3820"
"Aleria II T. 168 Group 2","Aleria II 3807"
"Aleria II T. 168 Group 2","Aleria I 313"
"Aleria II T. 168 Group 2","Morel 5425b"
"Aleria II T. 168 Group 2","Aleria I 277"
"Aleria II T. 168 Group 2","Jehasse 116"
"Aleria II T. 168 Group 2","Aleria II 3862"
"Aleria II T. 168 Group 2","Aleria II 2777"
"Aleria II T. 168 Group 2","Aleria II 2449"
"Aleria II T. 168 Group 2","Morel 5226b"
"Aleria II T. 168 Group 2","Aleria II 3843"
"Aleria II T. 168 Group 2","Aleria II 3840"
"Aleria II T. 168 Group 2","Aleria II 3826"
"Aleria II T. 168 Group 2","Aleria II 3814"
"Aleria II T. 168 Group 2","Aleria II 3547"
"Aleria II T. 168 Group 2","Aleria II 2741"
"Aleria II T. 168 Group 2","Lamboglia 40B2"
"Aleria II T. 168 Group 2","Aleria I 49"
"Aleria II T. 168 Group 2","Aleria II 3809"
"Aleria II T. 168 Group 2","Aleria I 433"
"Aleria II T. 168 Group 2","Aleria II 2691"
"Aleria II T. 168 Group 2","Morel 5644d"
"Aleria II T. 168 Group 2","Aleria II 2394"
"Aleria II T. 168 Group 2","Aleria II 2736"
"Aleria II T. 168 Group 2","Aleria II 2697"
"Aleria II T. 168 Group 2","Aleria II 2733"
"Aleria II T. 168 Group 2","Aleria I 71"
"Aleria II T. 168 Group 2","Aleria II 2711"
"Aleria II T. 168 Group 2","Aleria I 290"
"Aleria II T. 168 Group 2","Aleria II 3143"
"Aleria II T. 168 Group 2","Aleria I 70"
"Aleria II T. 168 Group 2","Aleria I 2089"
"Aleria II T. 168 Group 2","Aleria I 536"
"Aleria II T. 168 Group 2","Aleria II 3818"
"Aleria II T. 168 Group 2","RF Phantom Group"
"Aleria II T. 168 Group 2","Lamboglia 36C"
"Aleria II T. 168 Group 2","Aleria I 68"
"Aleria II T. 168 Group 2","Aleria II 3604"
"Aleria II T. 168 Group 2","Aleria II 3823"
"Aleria II T. 168 Group 2","Aleria II 3819"
"Aleria II T. 168 Group 2","Lamboglia 40C1"
"Aleria II T. 168 Group 2","Aleria I 91"
"Aleria II T. 168 Group 2","Aleria I 706"
"Aleria II T. 168 Group 2","Aleria I 519"
"Aleria II T. 168 Group 2","Aleria I 638"
"Aleria II T. 168 Group 2","Lamboglia 59"
"Aleria II T. 168 Group 2","Morel 1314c"
"Aleria II T. 168 Group 2","Lamboglia 60B"
"Aleria II T. 168 Group 2","Lamboglia 36B"
"Aleria I T. 46","Aleria I 652"
"Aleria I T. 46","Aleria I 653"
"Aleria I T. 46","Aleria I 727"
"Aleria I T. 46","Aleria I 1283"
"Aleria I T. 46","Beazley EVP p. 270"
"Aleria I T. 46","Aleria I 655"
"Aleria I T. 46","Aleria I 654"
"Aleria I T. 46","Aleria I 2276b"
"Aleria I T. 46","Aleria I 1439"
"Aleria I T. 46","Aleria I 656"
"Aleria I T. 46","Lamboglia 58E2"
"Aleria I T. 46","Aleria I 675"
"Aleria I T. 46","Aleria I 255"
"Aleria I T. 46","Aleria I 659"
"Aleria I T. 46","Aleria I 658"
"Aleria I T. 46","Aleria I 669"
"Aleria I T. 46","Aleria I 660"
"Aleria I T. 46","Aleria I 668"
"Aleria I T. 46","Lamboglia 20"
"Aleria I T. 46","Aleria I 657"
"Aleria II T. 161AB","Aleria II 3615"
"Aleria II T. 161AB","Aleria II 3512"
"Aleria II T. 161AB","Aleria II 3614"
"Aleria II T. 161AB","Aleria I 245"
"Aleria II T. 161AB","Lamboglia 40C3"
"Aleria II T. 161AB","Aleria I 536"
"Aleria II T. 161AB","Aleria II 3604"
"Aleria II T. 161AB","Lamboglia 40C1"
"Aleria I T. 53 East Wall","Aleria I 784"
"Aleria I T. 53 East Wall","Aleria I 769"
"Aleria I T. 53 East Wall","Aleria I 796"
"Aleria I T. 53 East Wall","Aleria I 778"
"Aleria I T. 53 East Wall","Aleria I 754"
"Aleria I T. 53 East Wall","Aleria I 736"
"Aleria I T. 53 East Wall","Aleria I 789"
"Aleria I T. 53 East Wall","Aleria I 348"
"Aleria I T. 53 East Wall","Aleria I 747"
"Aleria I T. 53 East Wall","Aleria I 746"
"Aleria I T. 53 East Wall","Aleria I 777"
"Aleria I T. 53 East Wall","Aleria I 393"
"Aleria I T. 53 East Wall","Lamboglia 21"
"Aleria I T. 53 East Wall","Aleria I 771"
"Aleria I T. 53 East Wall","Aleria I 449"
"Aleria I T. 53 East Wall","Aleria I 773"
"Aleria I T. 53 East Wall","Aleria I 772"
"Aleria I T. 53 East Wall","Aleria I 1468"
"Aleria I T. 53 East Wall","Aleria I 90"
"Aleria I T. 53 East Wall","Aleria I 743"
"Aleria I T. 53 East Wall","Aleria I 740"
"Aleria I T. 53 East Wall","Aleria I 1496"
"Aleria I T. 53 East Wall","Aleria I 774"
"Aleria I T. 53 East Wall","Lamboglia 23"
"Aleria I T. 53 East Wall","Aleria I 877"
"Aleria I T. 53 East Wall","Aleria I 787"
"Aleria I T. 53 East Wall","Aleria I 381"
"Aleria I T. 53 East Wall","Aleria I 380"
"Aleria I T. 53 East Wall","Ferrara T. 585 Group"
"Aleria I T. 53 East Wall","Aleria I 776"
"Aleria I T. 53 East Wall","Aleria I 781"
"Aleria I T. 53 East Wall","Aleria I 750"
"Aleria I T. 53 East Wall","Aleria I 768"
"Aleria I T. 53 East Wall","Aleria I 764"
"Aleria I T. 53 East Wall","Aleria I 751"
"Aleria I T. 53 East Wall","Aleria I 384"
"Aleria I T. 53 East Wall","Aleria I 1114"
"Aleria I T. 53 East Wall","RF Torcop Group"
"Aleria I T. 53 East Wall","Aleria I 1247"
"Aleria I T. 53 East Wall","Aleria I 744"
"Aleria I T. 53 East Wall","Aleria I 245"
"Aleria I T. 53 East Wall","Lamboglia 45B"
"Aleria I T. 53 East Wall","Cales Style"
"Aleria I T. 53 East Wall","Aleria I 818"
"Aleria I T. 53 East Wall","Aleria I 817"
"Aleria I T. 53 East Wall","Aleria I 798"
"Aleria I T. 53 East Wall","Aleria I 792"
"Aleria I T. 53 East Wall","Aleria I 786"
"Aleria I T. 53 East Wall","Aleria I 785"
"Aleria I T. 53 East Wall","Aleria I 780"
"Aleria I T. 53 East Wall","Aleria I 779"
"Aleria I T. 53 East Wall","Aleria I 775"
"Aleria I T. 53 East Wall","Aleria I 759"
"Aleria I T. 53 East Wall","Aleria I 756"
"Aleria I T. 53 East Wall","Aleria I 752"
"Aleria I T. 53 East Wall","Aleria I 465"
"Aleria I T. 53 East Wall","Aleria I 296"
"Aleria I T. 53 East Wall","Aleria I 1"
"Aleria I T. 53 East Wall","Aleria I 862"
"Aleria I T. 53 East Wall","Aleria I 755"
"Aleria I T. 53 East Wall","Aleria I 770"
"Aleria I T. 53 East Wall","RF Populonia Painter"
"Aleria I T. 53 East Wall","Lamboglia 26/27"
"Aleria I T. 53 East Wall","Aleria I 843"
"Aleria I T. 53 East Wall","Aleria I 745"
"Aleria I T. 53 East Wall","Aleria I 783"
"Aleria I T. 53 East Wall","Aleria I 76"
"Aleria I T. 53 East Wall","Aleria I 132"
"Aleria I T. 53 East Wall","Aleria I 5"
"Aleria I T. 53 East Wall","Lamboglia 118"
"Aleria I T. 53 East Wall","Aleria I 295"
"Aleria I T. 53 East Wall","Aleria I 9"
"Aleria I T. 53 East Wall","Lamboglia 40C3"
"Aleria I T. 53 East Wall","Aleria I 763"
"Aleria I T. 53 East Wall","Aleria I 762"
"Aleria I T. 53 East Wall","Aleria I 761"
"Aleria I T. 53 East Wall","Aleria I 760"
"Aleria I T. 53 East Wall","Aleria I 65"
"Aleria I T. 53 East Wall","Lamboglia 59C"
"Aleria I T. 53 East Wall","Aleria I 753"
"Aleria I T. 53 East Wall","Lamboglia 106A"
"Aleria I T. 53 East Wall","Aleria I 791"
"Aleria I T. 53 East Wall","Aleria I 790"
"Aleria I T. 53 East Wall","Gnathian Style"
"Aleria I T. 53 East Wall","RF Phantom Group"
"Aleria I T. 53 East Wall","Aleria I 299"
"Aleria I T. 53 East Wall","Aleria I 782"
"Aleria I T. 53 East Wall","Aleria I 66"
"Aleria I T. 53 East Wall","Aleria I 767"
"Aleria I T. 53 East Wall","Aleria I 766"
"Aleria I T. 53 East Wall","Aleria I 250"
"Aleria I T. 53 East Wall","Lamboglia 106C"
"Aleria I T. 53 East Wall","Aleria I 895"
"Aleria I T. 53 East Wall","Aleria I 519"
"Aleria I T. 53 East Wall","Lamboglia 25B"
"Aleria I T. 53 East Wall","Lamboglia 24/25"
"Aleria II T. 122B","Aleria I 1151"
"Aleria II T. 122B","Aleria II 2522"
"Aleria II T. 122B","Aleria II 2517"
"Aleria II T. 122B","Aleria II 2503"
"Aleria II T. 122B","Morel 4242d"
"Aleria II T. 122B","Aleria II 2523"
"Aleria II T. 122B","Aleria II 2458"
"Aleria II T. 122B","Aleria I 1115"
"Aleria II T. 122B","Aleria II 2512"
"Aleria II T. 122B","Aleria II 2636"
"Aleria II T. 122B","Morel 2681"
"Aleria II T. 122B","Aleria II 2524"
"Aleria II T. 122B","Morel 4283"
"Aleria II T. 122B","Lamboglia 125"
"Aleria II T. 122B","Aleria I 725"
"Aleria II T. 122B","Aleria II 2511"
"Aleria II T. 122B","Aleria II 3320"
"Aleria II T. 122B","Lamboglia 22"
"Aleria II T. 122B","Morel 2783"
"Aleria II T. 122B","Aleria I 1279"
"Aleria II T. 122B","Aleria I 538"
"Aleria II T. 122B","Aleria II 3965"
"Aleria II T. 122B","Aleria II 3950"
"Aleria II T. 122B","Aleria II 2518"
"Aleria II T. 122B","Aleria I 393"
"Aleria II T. 122B","Aleria II 3550"
"Aleria II T. 122B","Aleria II 2526"
"Aleria II T. 122B","Aleria I 458"
"Aleria II T. 122B","Aleria I 771"
"Aleria II T. 122B","Aleria II 2525"
"Aleria II T. 122B","Aleria II 2527"
"Aleria II T. 122B","Lamboglia 35"
"Aleria II T. 122B","Aleria II 2498"
"Aleria II T. 122B","Aleria I 459"
"Aleria II T. 122B","Genucilia"
"Aleria II T. 122B","Aleria II 2794"
"Aleria II T. 122B","Aleria I 1133"
"Aleria II T. 122B","Aleria II 2521"
"Aleria II T. 122B","Aleria I 774"
"Aleria II T. 122B","Aleria II 3106"
"Aleria II T. 122B","Aleria II 3105"
"Aleria II T. 122B","Aleria II 3461"
"Aleria II T. 122B","Aleria II 3458"
"Aleria II T. 122B","Aleria I 1312"
"Aleria II T. 122B","Aleria II 3820"
"Aleria II T. 122B","Aleria II 3807"
"Aleria II T. 122B","Morel 2765a"
"Aleria II T. 122B","Aleria II 2684"
"Aleria II T. 122B","Aleria II 2514"
"Aleria II T. 122B","Aleria I 277"
"Aleria II T. 122B","Ridgway 1979 p 347 fig 25"
"Aleria II T. 122B","Morel 5222f"
"Aleria II T. 122B","Morel 4252a"
"Aleria II T. 122B","Morel 2786c1"
"Aleria II T. 122B","Lamboglia 64A"
"Aleria II T. 122B","BG Ferarra Group"
"Aleria II T. 122B","Aleria II 4244"
"Aleria II T. 122B","Aleria II 4231"
"Aleria II T. 122B","Aleria II 2520"
"Aleria II T. 122B","Aleria II 2519"
"Aleria II T. 122B","Aleria II 2513"
"Aleria II T. 122B","Aleria II 2510"
"Aleria II T. 122B","Aleria II 2509"
"Aleria II T. 122B","Aleria II 2508"
"Aleria II T. 122B","Aleria II 2507"
"Aleria II T. 122B","Aleria II 2506"
"Aleria II T. 122B","Aleria II 2505"
"Aleria II T. 122B","Aleria II 2499"
"Aleria II T. 122B","Aleria I 4319"
"Aleria II T. 122B","Aleria I 3432"
"Aleria II T. 122B","Aleria II 2500"
"Aleria II T. 122B","Aleria II 3542"
"Aleria II T. 122B","Lamboglia 58C1"
"Aleria II T. 122B","Aleria I 287"
"Aleria II T. 122B","Aleria I 717"
"Aleria II T. 122B","Aleria I 71"
"Aleria II T. 122B","Aleria II 2711"
"Aleria II T. 122B","RF Phantom Group"
"Aleria II T. 122B","Aleria I 1503"
"Aleria II T. 122B","Aleria I 91"
"Aleria II T. 122B","Aleria I 519"
"Aleria II T. 122B","Morel 1314c"
"Aleria II T. 122B","Morel 1314b"
"Aleria II T. 122B","Lamboglia 25/27"
"Aleria I T. 88 East","Aleria I 1716"
"Aleria I T. 88 East","Morel 2672e"
"Aleria I T. 88 East","Lamboglia 22/28"
"Aleria I T. 88 East","Aleria I 1724"
"Aleria I T. 88 East","Aleria I 1723"
"Aleria I T. 88 East","Aleria I 1722"
"Aleria I T. 88 East","Aleria I 1721"
"Aleria I T. 88 East","Aleria I 49"
"Aleria I T. 88 East","Lamboglia 117"
"Aleria I T. 88 East","Aleria I 85"
"Aleria I T. 88 East","Lamboglia 118"
"Aleria I T. 88 East","Aleria I 87"
"Aleria I T. 88 East","Lamboglia 40F2"
"Aleria I T. 88 East","Aleria I 1718"
"Aleria I T. 88 East","Aleria I 1717"
"Aleria I T. 88 East","RF Phantom Group"
"Aleria I T. 88 East","Aleria I 1715"
"Aleria II T. 136","Aleria II 3120"
"Aleria II T. 136","Aleria II 3315"
"Aleria II T. 136","Aleria II 2771"
"Aleria II T. 136","Aleria II 2496"
"Aleria II T. 136","Aleria I 178"
"Aleria II T. 136","Aleria I 987"
"Aleria II T. 136","Aleria II 2774"
"Aleria II T. 136","Aleria I 174"
"Aleria II T. 136","Morel 2783g"
"Aleria II T. 136","Aleria I 918"
"Aleria II T. 136","Aleria II 2714"
"Aleria II T. 136","Aleria II 3862"
"Aleria II T. 136","Aleria II 2777"
"Aleria II T. 136","Aleria II 2449"
"Aleria II T. 136","Aleria II 2780"
"Aleria II T. 136","Aleria II 2776"
"Aleria II T. 136","Aleria II 2775"
"Aleria II T. 136","Aleria II 2769"
"Aleria II T. 136","Aleria II 2708"
"Aleria II T. 136","Aleria II 3529"
"Aleria II T. 136","RF Phantom Group"
"Aleria II T. 136","Aleria I 706"
"Aleria II T. 136","Aleria I 363"
"Aleria I T. 36","Lamboglia 22"
"Aleria I T. 36","Aleria I 539"
"Aleria I T. 36","Aleria I 538"
"Aleria I T. 36","Aleria I 67"
"Aleria I T. 36","Aleria I 535"
"Aleria I T. 36","Aleria I 114"
"Aleria I T. 36","Aleria I 268"
"Aleria I T. 36","Lamboglia 40C"
"Aleria I T. 36","Aleria I 541"
"Aleria I T. 36","Aleria I 540"
"Aleria I T. 36","Aleria I 537"
"Aleria I T. 36","Lamboglia 117"
"Aleria I T. 36","Aleria I 536"
"Aleria I T. 36","Aleria I 633"
"Aleria I T. 36","Lamboglia 25B"
"Aleria II T. 158BC","Aleria II 3522"
"Aleria II T. 158BC","Aleria II 3524"
"Aleria II T. 158BC","Aleria II 3539"
"Aleria II T. 158BC","Morel 1323"
"Aleria II T. 158BC","Aleria II 3615"
"Aleria II T. 158BC","Aleria II 3541"
"Aleria II T. 158BC","Aleria II 3550"
"Aleria II T. 158BC","Lamboglia 25"
"Aleria II T. 158BC","Morel 4311"
"Aleria II T. 158BC","Aleria II 3971"
"Aleria II T. 158BC","Aleria II 3961"
"Aleria II T. 158BC","Aleria II 2527"
"Aleria II T. 158BC","Lamboglia 120"
"Aleria II T. 158BC","Aleria I 344"
"Aleria II T. 158BC","Aleria II 2498"
"Aleria II T. 158BC","Morel 2672h"
"Aleria II T. 158BC","Aleria II 4104"
"Aleria II T. 158BC","Aleria II 3546"
"Aleria II T. 158BC","Aleria I 2294"
"Aleria II T. 158BC","Aleria I 808"
"Aleria II T. 158BC","Morel 2786c"
"Aleria II T. 158BC","Aleria II 3526"
"Aleria II T. 158BC","Lamboglia 40F3"
"Aleria II T. 158BC","Aleria I 166"
"Aleria II T. 158BC","Aleria II 3466"
"Aleria II T. 158BC","Genucilia"
"Aleria II T. 158BC","Aleria II 2521"
"Aleria II T. 158BC","Aleria I 807"
"Aleria II T. 158BC","Aleria I 1126"
"Aleria II T. 158BC","Aleria II 3512"
"Aleria II T. 158BC","Lamboglia 96A"
"Aleria II T. 158BC","Aleria II 2686"
"Aleria II T. 158BC","Aleria I 447"
"Aleria II T. 158BC","RF Torcop Group"
"Aleria II T. 158BC","Aleria II 3534"
"Aleria II T. 158BC","Aleria II 3548"
"Aleria II T. 158BC","Aleria II 3536"
"Aleria II T. 158BC","Aleria I 737"
"Aleria II T. 158BC","Morel 1111"
"Aleria II T. 158BC","Aleria I 1"
"Aleria II T. 158BC","Morel 5226b"
"Aleria II T. 158BC","Aleria II 3843"
"Aleria II T. 158BC","Aleria II 3840"
"Aleria II T. 158BC","Aleria II 3826"
"Aleria II T. 158BC","Aleria II 3814"
"Aleria II T. 158BC","Aleria II 3547"
"Aleria II T. 158BC","Aleria I 49"
"Aleria II T. 158BC","Aleria II 2500"
"Aleria II T. 158BC","Aleria II 3542"
"Aleria II T. 158BC","Aleria I 770"
"Aleria II T. 158BC","Aleria I 907"
"Aleria II T. 158BC","Aleria II 2691"
"Aleria II T. 158BC","Aleria I 59"
"Aleria II T. 158BC","Aleria II 2708"
"Aleria II T. 158BC","Morel 5272a1"
"Aleria II T. 158BC","Morel 5272a"
"Aleria II T. 158BC","Morel 4353"
"Aleria II T. 158BC","Morel 3534"
"Aleria II T. 158BC","Morel 2783i"
"Aleria II T. 158BC","Morel 2621a"
"Aleria II T. 158BC","Morel 1323c"
"Aleria II T. 158BC","Lamboglia 58D1"
"Aleria II T. 158BC","Aleria II 4904"
"Aleria II T. 158BC","Aleria II 4363"
"Aleria II T. 158BC","Aleria II 3556"
"Aleria II T. 158BC","Aleria II 3554"
"Aleria II T. 158BC","Aleria II 3552"
"Aleria II T. 158BC","Aleria II 3551"
"Aleria II T. 158BC","Aleria II 3549"
"Aleria II T. 158BC","Aleria II 3545"
"Aleria II T. 158BC","Aleria II 3544"
"Aleria II T. 158BC","Aleria II 3543"
"Aleria II T. 158BC","Aleria II 3540"
"Aleria II T. 158BC","Aleria II 3538"
"Aleria II T. 158BC","Aleria II 3537"
"Aleria II T. 158BC","Aleria II 3533"
"Aleria II T. 158BC","Aleria II 3527"
"Aleria II T. 158BC","Aleria II 3523"
"Aleria II T. 158BC","Aleria II 3521"
"Aleria II T. 158BC","Aleria II 3520"
"Aleria II T. 158BC","Aleria II 3519"
"Aleria II T. 158BC","Aleria II 3518"
"Aleria II T. 158BC","Aleria II 3517"
"Aleria II T. 158BC","Aleria II 3516"
"Aleria II T. 158BC","Aleria II 3515"
"Aleria II T. 158BC","Aleria II 3513"
"Aleria II T. 158BC","Aleria II 2957"
"Aleria II T. 158BC","Aleria II 3529"
"Aleria II T. 158BC","Aleria I 878"
"Aleria II T. 158BC","Aleria I 870"
"Aleria II T. 158BC","Morel 5722b"
"Aleria II T. 158BC","Morel 4311b"
"Aleria II T. 158BC","Aleria II 3571"
"Aleria II T. 158BC","Aleria I 5"
"Aleria II T. 158BC","Aleria II 2738"
"Aleria II T. 158BC","Aleria II 3511"
"Aleria II T. 158BC","Aleria I 290"
"Aleria II T. 158BC","Lamboglia 81"
"Aleria II T. 158BC","Lamboglia 40C3"
"Aleria II T. 158BC","Aleria II 3895"
"Aleria II T. 158BC","Aleria II 3888"
"Aleria II T. 158BC","Aleria II 3530"
"Aleria II T. 158BC","Aleria I 536"
"Aleria II T. 158BC","Aleria I 326"
"Aleria II T. 158BC","Aleria I 68"
"Aleria II T. 158BC","Aleria I 1730"
"Aleria II T. 158BC","Aleria I 639"
"Aleria II T. 158BC","Aleria I 500"
"Aleria II T. 158BC","Lamboglia 40C1"
"Aleria II T. 158BC","Aleria I 793"
"Aleria II T. 158BC","Aleria II 3601"
"Aleria II T. 158BC","Aleria II 3514"
"Aleria II T. 158BC","Aleria I 270"
"Aleria II T. 158BC","Aleria I 689"
"Aleria II T. 158BC","Aleria I 250"
"Aleria II T. 158BC","Aleria I 638"
"Aleria II T. 158BC","Morel 5226h"
"Aleria II T. 158BC","Lamboglia 36B"
"Aleria I T. 78","Aleria I 1456"
"Aleria I T. 78","Aleria I 178"
"Aleria I T. 78","Lamboglia 35"
"Aleria I T. 78","Aleria I 1619"
"Aleria I T. 78","Aleria I 1462"
"Aleria I T. 78","Aleria I 95"
"Aleria I T. 78","Aleria I 1463"
"Aleria I T. 78","Aleria I 1461"
"Aleria I T. 78","Aleria I 1459"
"Aleria I T. 78","Aleria I 1457"
"Aleria I T. 78","Aleria I 1452"
"Aleria I T. 78","Aleria I 255"
"Aleria I T. 78","Aleria I 691"
"Aleria I T. 78","Aleria I 254"
"Aleria I T. 78","RF Phantom Group"
"Aleria I T. 78","Lamboglia 24/25"
"Aleria II T. 129C","Aleria I 1151"
"Aleria II T. 129C","Aleria I 1150"
"Aleria II T. 129C","Aleria I 757"
"Aleria II T. 129C","Aleria II 4002"
"Aleria II T. 129C","Aleria II 2669"
"Aleria II T. 129C","Aleria I 1241"
"Aleria II T. 129C","Aleria II 4159"
"Aleria II T. 129C","Aleria II 3779"
"Aleria II T. 129C","Aleria II 3778"
"Aleria II T. 129C","Aleria II 2685"
"Aleria II T. 129C","Aleria II 2677"
"Aleria II T. 129C","Aleria I 739"
"Aleria II T. 129C","Aleria I 167"
"Aleria II T. 129C","Aleria II 2679"
"Aleria II T. 129C","Lamboglia 25"
"Aleria II T. 129C","Aleria I 461"
"Aleria II T. 129C","Aleria II 2525"
"Aleria II T. 129C","Lamboglia 96"
"Aleria II T. 129C","Aleria I 1468"
"Aleria II T. 129C","Lamboglia 35"
"Aleria II T. 129C","Aleria II 3952"
"Aleria II T. 129C","Aleria II 2678"
"Aleria II T. 129C","Aleria I 460"
"Aleria II T. 129C","Aleria I 344"
"Aleria II T. 129C","Aleria I 459"
"Aleria II T. 129C","Aleria II 2676"
"Aleria II T. 129C","Genucilia"
"Aleria II T. 129C","Morel 2621"
"Aleria II T. 129C","Aleria I 774"
"Aleria II T. 129C","Aleria II 2686"
"Aleria II T. 129C","RF Torcop Group"
"Aleria II T. 129C","Aleria II 3534"
"Aleria II T. 129C","Aleria I 1312"
"Aleria II T. 129C","Aleria II 2797"
"Aleria II T. 129C","Aleria II 2793"
"Aleria II T. 129C","Aleria II 2681"
"Aleria II T. 129C","Aleria II 2714"
"Aleria II T. 129C","Morel 2765a"
"Aleria II T. 129C","Aleria I 1247"
"Aleria II T. 129C","Aleria II 2684"
"Aleria II T. 129C","Aleria I 1685"
"Aleria II T. 129C","Aleria I 1"
"Aleria II T. 129C","Aleria II 3132"
"Aleria II T. 129C","Aleria II 2675"
"Aleria II T. 129C","Aleria I 49"
"Aleria II T. 129C","Aleria I 95"
"Aleria II T. 129C","Aleria II 3474"
"Aleria II T. 129C","Aleria II 2693"
"Aleria II T. 129C","Aleria II 2500"
"Aleria II T. 129C","Aleria I 394"
"Aleria II T. 129C","Aleria II 3809"
"Aleria II T. 129C","RF Populonia Painter"
"Aleria II T. 129C","Aleria II 2691"
"Aleria II T. 129C","Aleria II 2708"
"Aleria II T. 129C","Aleria II 2699"
"Aleria II T. 129C","Aleria II 3529"
"Aleria II T. 129C","Aleria II 2697"
"Aleria II T. 129C","Aleria II 3893"
"Aleria II T. 129C","Aleria I 717"
"Aleria II T. 129C","Morel 8231"
"Aleria II T. 129C","Morel 5611"
"Aleria II T. 129C","Aleria II 4373"
"Aleria II T. 129C","Aleria II 4225"
"Aleria II T. 129C","Aleria II 3133"
"Aleria II T. 129C","Aleria II 2770"
"Aleria II T. 129C","Aleria II 2728"
"Aleria II T. 129C","Aleria II 2696"
"Aleria II T. 129C","Aleria II 2694"
"Aleria II T. 129C","Aleria II 2674"
"Aleria II T. 129C","Aleria II 2673"
"Aleria II T. 129C","Aleria II 2672"
"Aleria II T. 129C","Aleria II 2671"
"Aleria II T. 129C","Aleria II 2670"
"Aleria II T. 129C","Aleria II 2668"
"Aleria II T. 129C","Aleria II 2667"
"Aleria II T. 129C","Aleria I 132"
"Aleria II T. 129C","Aleria II 2711"
"Aleria II T. 129C","Aleria II 3511"
"Aleria II T. 129C","Aleria II 2739"
"Aleria II T. 129C","Aleria II 2735"
"Aleria II T. 129C","Aleria II 2734"
"Aleria II T. 129C","Aleria II 2732"
"Aleria II T. 129C","Aleria II 3590"
"Aleria II T. 129C","Aleria I 1360"
"Aleria II T. 129C","Aleria I 425"
"Aleria II T. 129C","Aleria I 1285"
"Aleria II T. 129C","Aleria I 1393"
"Aleria II T. 129C","Aleria II 2680"
"Aleria II T. 129C","Aleria II 2698"
"Aleria II T. 129C","RF Phantom Group"
"Aleria II T. 129C","Aleria I 706"
"Aleria II T. 129C","Lamboglia 107C"
"Aleria II T. 129C","Morel 5631a"
"Aleria II T. 129C","Aleria I 228"
"Aleria II T. 129C","Lamboglia 131"
"Aleria I T. 53 Chamber","Aleria I 945"
"Aleria I T. 53 Chamber","Aleria I 885"
"Aleria I T. 53 Chamber","Aleria I 950"
"Aleria I T. 53 Chamber","Aleria I 880"
"Aleria I T. 53 Chamber","Aleria I 1631"
"Aleria I T. 53 Chamber","Aleria I 379"
"Aleria I T. 53 Chamber","Lamboglia 40E2"
"Aleria I T. 53 Chamber","Lamboglia 21"
"Aleria I T. 53 Chamber","Aleria I 906"
"Aleria I T. 53 Chamber","Aleria I 879"
"Aleria I T. 53 Chamber","Aleria I 845"
"Aleria I T. 53 Chamber","Genucilia"
"Aleria I T. 53 Chamber","Aleria I 899"
"Aleria I T. 53 Chamber","Aleria I 1348"
"Aleria I T. 53 Chamber","Aleria I 869"
"Aleria I T. 53 Chamber","Aleria I 863"
"Aleria I T. 53 Chamber","Lamboglia 96A"
"Aleria I T. 53 Chamber","Aleria I 918"
"Aleria I T. 53 Chamber","Aleria I 1356"
"Aleria I T. 53 Chamber","Aleria I 970"
"Aleria I T. 53 Chamber","Aleria I 854"
"Aleria I T. 53 Chamber","Aleria I 902"
"Aleria I T. 53 Chamber","Aleria I 407"
"Aleria I T. 53 Chamber","Aleria I 929"
"Aleria I T. 53 Chamber","Aleria I 861"
"Aleria I T. 53 Chamber","Aleria I 860"
"Aleria I T. 53 Chamber","Aleria I 321"
"Aleria I T. 53 Chamber","Lamboglia 40B2"
"Aleria I T. 53 Chamber","Aleria I 862"
"Aleria I T. 53 Chamber","Aleria I 755"
"Aleria I T. 53 Chamber","Aleria I 892"
"Aleria I T. 53 Chamber","Aleria I 891"
"Aleria I T. 53 Chamber","Aleria I 44"
"Aleria I T. 53 Chamber","Aleria I 370"
"Aleria I T. 53 Chamber","Aleria I 907"
"Aleria I T. 53 Chamber","Lamboglia 26/27"
"Aleria I T. 53 Chamber","Aleria I 59"
"Aleria I T. 53 Chamber","Lamboglia 117"
"Aleria I T. 53 Chamber","Aleria I 843"
"Aleria I T. 53 Chamber","Aleria I 886"
"Aleria I T. 53 Chamber","Aleria I 245a"
"Aleria I T. 53 Chamber","Aleria I 878"
"Aleria I T. 53 Chamber","Aleria I 870"
"Aleria I T. 53 Chamber","Aleria I 132"
"Aleria I T. 53 Chamber","Aleria I 900"
"Aleria I T. 53 Chamber","Lamboglia 40"
"Aleria I T. 53 Chamber","Lamboglia 81"
"Aleria I T. 53 Chamber","Lamboglia 40C3"
"Aleria I T. 53 Chamber","RF School of the Hesione Painter"
"Aleria I T. 53 Chamber","Morel 3543b"
"Aleria I T. 53 Chamber","Lamboglia 840"
"Aleria I T. 53 Chamber","Lamboglia 69"
"Aleria I T. 53 Chamber","Lamboglia 25A"
"Aleria I T. 53 Chamber","Lamboglia 126"
"Aleria I T. 53 Chamber","Lamboglia 106A2"
"Aleria I T. 53 Chamber","Aleria I 940"
"Aleria I T. 53 Chamber","Aleria I 927a"
"Aleria I T. 53 Chamber","Aleria I 926"
"Aleria I T. 53 Chamber","Aleria I 924"
"Aleria I T. 53 Chamber","Aleria I 908"
"Aleria I T. 53 Chamber","Aleria I 901"
"Aleria I T. 53 Chamber","Aleria I 897"
"Aleria I T. 53 Chamber","Aleria I 896"
"Aleria I T. 53 Chamber","Aleria I 893"
"Aleria I T. 53 Chamber","Aleria I 884"
"Aleria I T. 53 Chamber","Aleria I 868"
"Aleria I T. 53 Chamber","Aleria I 865"
"Aleria I T. 53 Chamber","Aleria I 859"
"Aleria I T. 53 Chamber","Aleria I 848"
"Aleria I T. 53 Chamber","Aleria I 847"
"Aleria I T. 53 Chamber","Aleria I 844"
"Aleria I T. 53 Chamber","Aleria I 45"
"Aleria I T. 53 Chamber","Aleria I 2269"
"Aleria I T. 53 Chamber","Aleria I 1726"
"Aleria I T. 53 Chamber","Aleria I 922"
"Aleria I T. 53 Chamber","Aleria I 425"
"Aleria I T. 53 Chamber","Aleria I 12"
"Aleria I T. 53 Chamber","Aleria I 11"
"Aleria I T. 53 Chamber","Aleria I 866"
"Aleria I T. 53 Chamber","Aleria I 864"
"Aleria I T. 53 Chamber","Lamboglia 106A"
"Aleria I T. 53 Chamber","Gnathian Style"
"Aleria I T. 53 Chamber","Lamboglia 22/27"
"Aleria I T. 53 Chamber","Lamboglia 36C"
"Aleria I T. 53 Chamber","Aleria I 882"
"Aleria I T. 53 Chamber","Aleria I 921"
"Aleria I T. 53 Chamber","Aleria I 887"
"Aleria I T. 53 Chamber","Aleria I 13"
"Aleria I T. 53 Chamber","Aleria I 60"
"Aleria I T. 53 Chamber","Aleria I 283"
"Aleria I T. 53 Chamber","Aleria I 500"
"Aleria I T. 53 Chamber","Aleria I 91"
"Aleria I T. 53 Chamber","Aleria I 858"
"Aleria I T. 53 Chamber","Aleria I 867"
"Aleria I T. 53 Chamber","Aleria I 555"
"Aleria I T. 53 Chamber","Aleria I 554"
"Aleria I T. 53 Chamber","Lamboglia 106C"
"Aleria I T. 53 Chamber","Aleria I 895"
"Aleria I T. 53 Chamber","Lamboglia 25B"
"Aleria I T. 53 Chamber","Lamboglia 133"
"Aleria I T. 53 Chamber","Aleria I 898"
"Aleria I T. 53 Chamber","Aleria I 2223"
"Aleria I T. 51","Aleria I 710"
"Aleria I T. 51","Lamboglia 21/27"
"Aleria I T. 51","Aleria I 981"
"Aleria I T. 51","Aleria I 702"
"Aleria I T. 51","Aleria I 886"
"Aleria I T. 51","Aleria I 705"
"Aleria I T. 51","Aleria I 704"
"Aleria I T. 51","Aleria I 703"
"Aleria I T. 51","Aleria I 701"
"Aleria I T. 51","Aleria I 532"
"Aleria I T. 51","RF Phantom Group"
"Aleria I T. 51","Aleria I 706"
"Aleria I T. 51","Aleria I 707"
"Aleria II T. 133","Aleria II 2737"
"Aleria II T. 133","Aleria II 2638"
"Aleria II T. 133","Aleria I 1495"
"Aleria II T. 133","Lamboglia 25"
"Aleria II T. 133","Aleria I 2077"
"Aleria II T. 133","Aleria I 459"
"Aleria II T. 133","Morel 2783g"
"Aleria II T. 133","Aleria II 2686"
"Aleria II T. 133","Aleria I 496"
"Aleria II T. 133","Aleria II 2743"
"Aleria II T. 133","Morel 2765a"
"Aleria II T. 133","Aleria II 2795"
"Aleria II T. 133","Aleria II 2741"
"Aleria II T. 133","Aleria II 3152"
"Aleria II T. 133","Aleria II 3121"
"Aleria II T. 133","Aleria II 3111"
"Aleria II T. 133","Aleria I 387"
"Aleria II T. 133","Aleria II 2691"
"Aleria II T. 133","Aleria II 2708"
"Aleria II T. 133","Aleria II 2699"
"Aleria II T. 133","Aleria I 984"
"Aleria II T. 133","Aleria II 2736"
"Aleria II T. 133","Aleria II 2733"
"Aleria II T. 133","Morel 5722b"
"Aleria II T. 133","Aleria I 295"
"Aleria II T. 133","Aleria II 2738"
"Aleria II T. 133","Aleria II 2739"
"Aleria II T. 133","Aleria II 2735"
"Aleria II T. 133","Aleria II 2734"
"Aleria II T. 133","Aleria II 2732"
"Aleria II T. 133","Aleria I 70"
"Aleria II T. 133","Morel 5644"
"Aleria II T. 133","Morel 5226a"
"Aleria II T. 133","Morel 4714"
"Aleria II T. 133","Morel 2922b"
"Aleria II T. 133","Aleria II 2745"
"Aleria II T. 133","Aleria II 2742"
"Aleria II T. 133","Aleria II 2740"
"Aleria II T. 133","Aleria I 1337"
"Aleria II T. 133","Aleria II 3596"
"Aleria II T. 133","Aleria II 3588"
"Aleria II T. 133","Aleria II 2744"
"Aleria II T. 133","Aleria II 2680"
"Aleria II T. 133","Aleria I 91"
"Aleria II T. 133","Aleria I 706"
"Aleria II T. 133","Lamboglia 133"
"Aleria II T. 133","Aleria I 898"
"Aleria II T. 133","Lamboglia 60B"
"Aleria II T. 159C","Aleria I 1544"
"Aleria II T. 159C","Aleria II 3992"
"Aleria II T. 159C","Aleria II 3578"
"Aleria II T. 159C","Lamboglia 22"
"Aleria II T. 159C","Morel 2783"
"Aleria II T. 159C","Aleria I 538"
"Aleria II T. 159C","AMPH Etruscan"
"Aleria II T. 159C","Aleria II 3158"
"Aleria II T. 159C","Aleria II 2720"
"Aleria II T. 159C","Lamboglia 35"
"Aleria II T. 159C","Aleria II 2792"
"Aleria II T. 159C","Aleria II 2676"
"Aleria II T. 159C","Morel 2783a"
"Aleria II T. 159C","Aleria I 1356"
"Aleria II T. 159C","Aleria I 67"
"Aleria II T. 159C","Aleria I 750"
"Aleria II T. 159C","Aleria II 3548"
"Aleria II T. 159C","Aleria I 1312"
"Aleria II T. 159C","Aleria II 3901"
"Aleria II T. 159C","Morel 4115a"
"Aleria II T. 159C","Aleria II 3594"
"Aleria II T. 159C","Aleria II 3580"
"Aleria II T. 159C","Aleria II 2790"
"Aleria II T. 159C","Aleria I 49"
"Aleria II T. 159C","Aleria I 2295"
"Aleria II T. 159C","Aleria II 3598"
"Aleria II T. 159C","Aleria I 1215"
"Aleria II T. 159C","Aleria I 7"
"Aleria II T. 159C","Morel 5644d"
"Aleria II T. 159C","Aleria II 2394"
"Aleria II T. 159C","Lamboglia 117"
"Aleria II T. 159C","Aleria II 2697"
"Aleria II T. 159C","Aleria II 2733"
"Aleria II T. 159C","Aleria I 88"
"Aleria II T. 159C","Aleria I 255"
"Aleria II T. 159C","Aleria I 783"
"Aleria II T. 159C","Aleria II 3144"
"Aleria II T. 159C","Morel 4311b"
"Aleria II T. 159C","Aleria II 3571"
"Aleria II T. 159C","Aleria I 5"
"Aleria II T. 159C","Lamboglia 118"
"Aleria II T. 159C","Aleria I 295"
"Aleria II T. 159C","Aleria II 2738"
"Aleria II T. 159C","Aleria II 3590"
"Aleria II T. 159C","Aleria I 70"
"Aleria II T. 159C","Aleria II 3530"
"Aleria II T. 159C","Aleria I 922"
"Aleria II T. 159C","Aleria II 3596"
"Aleria II T. 159C","Aleria II 3588"
"Aleria II T. 159C","Morel 5722c"
"Aleria II T. 159C","Morel 5442b"
"Aleria II T. 159C","Morel 2672"
"Aleria II T. 159C","Morel 2536b"
"Aleria II T. 159C","Lamboglia 106"
"Aleria II T. 159C","AMPH Dressel 28"
"Aleria II T. 159C","Aleria II 4284"
"Aleria II T. 159C","Aleria II 4248"
"Aleria II T. 159C","Aleria II 4203"
"Aleria II T. 159C","Aleria II 4202"
"Aleria II T. 159C","Aleria II 3597"
"Aleria II T. 159C","Aleria II 3595"
"Aleria II T. 159C","Aleria II 3592"
"Aleria II T. 159C","Aleria II 3591"
"Aleria II T. 159C","Aleria II 3589"
"Aleria II T. 159C","Aleria II 3587"
"Aleria II T. 159C","Aleria II 3586"
"Aleria II T. 159C","Aleria II 3585"
"Aleria II T. 159C","Aleria II 3584"
"Aleria II T. 159C","Aleria II 3583"
"Aleria II T. 159C","Aleria II 3582"
"Aleria II T. 159C","Aleria II 3581"
"Aleria II T. 159C","Aleria II 3579"
"Aleria II T. 159C","Aleria II 3576"
"Aleria II T. 159C","Aleria II 3572"
"Aleria II T. 159C","Aleria II 3569"
"Aleria II T. 159C","Aleria II 3564"
"Aleria II T. 159C","Aleria II 2744"
"Aleria II T. 159C","Aleria II 2796"
"Aleria II T. 159C","Aleria I 135"
"Aleria II T. 159C","Aleria I 10"
"Aleria II T. 159C","Lamboglia 59"
"Aleria II T. 159C","Lamboglia 60"
"Aleria II T. 159C","Lamboglia 60B"
"Aleria II T. 159C","Lamboglia 68B"
"Aleria I T. 81","Aleria I 171"
"Aleria I T. 81","Aleria I 167"
"Aleria I T. 81","Aleria I 458"
"Aleria I T. 81","Lamboglia 25"
"Aleria I T. 81","Aleria I 1501"
"Aleria I T. 81","Lamboglia 35"
"Aleria I T. 81","Ferrara T. 585 Group"
"Aleria I T. 81","Aleria I 781"
"Aleria I T. 81","Aleria I 1506"
"Aleria I T. 81","Aleria I 114"
"Aleria I T. 81","Aleria I 95"
"Aleria I T. 81","Aleria I 1502"
"Aleria I T. 81","Lamboglia 58C1"
"Aleria I T. 81","Aleria I 48"
"Aleria I T. 81","Aleria I 1507"
"Aleria I T. 81","Aleria I 1505"
"Aleria I T. 81","Aleria I 1499"
"Aleria I T. 81","Aleria I 1498"
"Aleria I T. 81","Aleria I 1497"
"Aleria I T. 81","Aleria I 87"
"Aleria I T. 81","RF Phantom Group"
"Aleria I T. 81","Aleria I 1500"
"Aleria I T. 81","Aleria I 1503"
"Aleria I T. 81","Aleria I 1730"
"Aleria I T. 81","Aleria I 135"
"Aleria I T. 81","Aleria I 10"
"Aleria I T. 81","Lamboglia 25B"
"Aleria I T. 81","Aleria I 1508"
"Aleria I T. 31","Aleria I 288"
"Aleria I T. 31","Aleria I 307"
"Aleria I T. 31","Genucilia"
"Aleria I T. 31","Aleria I 807"
"Aleria I T. 31","Lamboglia 23"
"Aleria I T. 31","RF Torcop Group"
"Aleria I T. 31","Aleria I 297"
"Aleria I T. 31","Aleria I 310"
"Aleria I T. 31","Aleria I 275"
"Aleria I T. 31","Aleria I 371"
"Aleria I T. 31","Lamboglia 121"
"Aleria I T. 31","Aleria I 313"
"Aleria I T. 31","Aleria I 744"
"Aleria I T. 31","Aleria I 190"
"Aleria I T. 31","Aleria I 277"
"Aleria I T. 31","Aleria I 1"
"Aleria I T. 31","Aleria I 293"
"Aleria I T. 31","Aleria I 279"
"Aleria I T. 31","Aleria I 278"
"Aleria I T. 31","Aleria I 1309"
"Aleria I T. 31","Aleria I 800"
"Aleria I T. 31","Aleria I 49"
"Aleria I T. 31","Aleria I 292"
"Aleria I T. 31","RF Populonia Painter"
"Aleria I T. 31","Lamboglia 26/27"
"Aleria I T. 31","Aleria I 397"
"Aleria I T. 31","Aleria I 300"
"Aleria I T. 31","Aleria I 815"
"Aleria I T. 31","Aleria I 813"
"Aleria I T. 31","Aleria I 812"
"Aleria I T. 31","Aleria I 809"
"Aleria I T. 31","Aleria I 1690"
"Aleria I T. 31","Aleria I 1269"
"Aleria I T. 31","Aleria I 1268"
"Aleria I T. 31","Aleria I 59"
"Aleria I T. 31","Aleria I 285"
"Aleria I T. 31","Aleria I 245a"
"Aleria I T. 31","Aleria I 745"
"Aleria I T. 31","Aleria I 287"
"Aleria I T. 31","Aleria I 2083"
"Aleria I T. 31","Aleria I 76"
"Aleria I T. 31","Aleria I 132"
"Aleria I T. 31","Aleria I 5"
"Aleria I T. 31","Lamboglia 118"
"Aleria I T. 31","Aleria I 295"
"Aleria I T. 31","Aleria I 290"
"Aleria I T. 31","Lamboglia 81"
"Aleria I T. 31","Lamboglia 40C3"
"Aleria I T. 31","Aleria I 1397"
"Aleria I T. 31","Aleria I 48"
"Aleria I T. 31","Lambogila 43A"
"Aleria I T. 31","Aleria I 308"
"Aleria I T. 31","Aleria I 305"
"Aleria I T. 31","Aleria I 304"
"Aleria I T. 31","Aleria I 303"
"Aleria I T. 31","Aleria I 302"
"Aleria I T. 31","Aleria I 298"
"Aleria I T. 31","Aleria I 291"
"Aleria I T. 31","Aleria I 280"
"Aleria I T. 31","Aleria I 276"
"Aleria I T. 31","Aleria I 273"
"Aleria I T. 31","Aleria I 2285"
"Aleria I T. 31","Aleria I 2267"
"Aleria I T. 31","Aleria I 2242"
"Aleria I T. 31","Aleria I 206"
"Aleria I T. 31","Aleria I 1504"
"Aleria I T. 31","Aleria I 309"
"Aleria I T. 31","Lamboglia 106A"
"Aleria I T. 31","Aleria I 284"
"Aleria I T. 31","Lamboglia 22/27"
"Aleria I T. 31","RF Phantom Group"
"Aleria I T. 31","Lamboglia 36C"
"Aleria I T. 31","Aleria I 164"
"Aleria I T. 31","Aleria I 78"
"Aleria I T. 31","Aleria I 77"
"Aleria I T. 31","Aleria I 311"
"Aleria I T. 31","Aleria I 294"
"Aleria I T. 31","Aleria I 306"
"Aleria I T. 31","Aleria I 301"
"Aleria I T. 31","Aleria I 289"
"Aleria I T. 31","Aleria I 299"
"Aleria I T. 31","Aleria I 60"
"Aleria I T. 31","Aleria I 283"
"Aleria I T. 31","Aleria I 79"
"Aleria I T. 31","Aleria I 1396"
"Aleria I T. 31","Aleria I 282"
"Aleria I T. 31","Aleria I 281"
"Aleria I T. 31","Aleria I 274"
"Aleria I T. 31","Aleria I 286"
"Aleria I T. 31","Aleria I 58"
"Aleria I T. 31","Lamboglia 35B"
"Aleria I T. 31","Lamboglia 27B"
"Aleria I T. 31","Lamboglia 36B"
"Aleria I T. 49","Aleria I 653"
"Aleria I T. 49","Aleria I 675"
"Aleria I T. 49","Aleria I 672"
"Aleria I T. 49","Aleria I 674"
"Aleria I T. 49","Aleria I 673"
"Aleria I T. 49","Lamboglia 20"
"Aleria I T. 49","Lamboglia 4A"
"Aleria I T. 49","Aleria I 677"
"Aleria I T. 49","Aleria I 676"
"Aleria I T. 30","Lamboglia 21"
"Aleria I T. 30","Genucilia"
"Aleria I T. 30","Aleria I 969"
"Aleria I T. 30","Aleria I 268"
"Aleria I T. 30","Aleria I 7"
"Aleria I T. 30","Lamboglia 117"
"Aleria I T. 30","Aleria I 269"
"Aleria I T. 30","Aleria I 267"
"Aleria I T. 30","Aleria I 272"
"Aleria I T. 30","Aleria I 11"
"Aleria I T. 30","Aleria I 803"
"Aleria I T. 30","Aleria I 427"
"Aleria I T. 30","Aleria I 411"
"Aleria I T. 30","Aleria I 2085"
"Aleria I T. 30","Aleria I 55"
"Aleria I T. 30","Aleria I 2084"
"Aleria I T. 30","Aleria I 270"
"Aleria I T. 30","Aleria I 806"
"Aleria I T. 30","Aleria I 54"
"Aleria I T. 30","Aleria I 53"
"Aleria I T. 30","Aleria I 424"
"Aleria I T. 30","Aleria I 422"
"Aleria I T. 30","Aleria I 417"
"Aleria I T. 30","Aleria I 415"
"Aleria I T. 30","Aleria I 271"
"Aleria I T. 30","Aleria I 2286"
"Aleria I T. 30","Aleria I 58"
"Aleria I T. 50","RF Sokra Group"
"Aleria I T. 50","Aleria I 682"
"Aleria I T. 50","Aleria I 174"
"Aleria I T. 50","Aleria I 681"
"Aleria I T. 50","Aleria I 683"
"Aleria I T. 50","Aleria I 255"
"Aleria I T. 50","Aleria I 672"
"Aleria I T. 50","Aleria I 691"
"Aleria I T. 50","Morel 4313b"
"Aleria I T. 50","Aleria I 695"
"Aleria I T. 50","Aleria I 694"
"Aleria I T. 50","Aleria I 693"
"Aleria I T. 50","Aleria I 692"
"Aleria I T. 50","Aleria I 688"
"Aleria I T. 50","Aleria I 684"
"Aleria I T. 50","Lamboglia 58"
"Aleria I T. 50","RF Phantom Group"
"Aleria I T. 50","Aleria I 686"
"Aleria I T. 50","Aleria I 685"
"Aleria I T. 50","Aleria I 137"
"Aleria I T. 50","Aleria I 689"
"Aleria I T. 50","Aleria I 135"
"Aleria I T. 50","Aleria I 690"
"Aleria II T. 169","Aleria II 3093"
"Aleria II T. 169","Lamboglia 21"
"Aleria II T. 169","Aleria I 771"
"Aleria II T. 169","Aleria II 3890"
"Aleria II T. 169","Morel 2783g"
"Aleria II T. 169","Aleria I 774"
"Aleria II T. 169","Aleria I 1212"
"Aleria II T. 169","Aleria I 750"
"Aleria II T. 169","Aleria II 4180"
"Aleria II T. 169","Aleria II 3896"
"Aleria II T. 169","Aleria I 94"
"Aleria II T. 169","Aleria II 2514"
"Aleria II T. 169","Aleria II 3901"
"Aleria II T. 169","Aleria II 2736"
"Aleria II T. 169","Lamboglia 117"
"Aleria II T. 169","Aleria II 3906"
"Aleria II T. 169","Aleria II 3122"
"Aleria II T. 169","Morel 2771h"
"Aleria II T. 169","Aleria II 3469"
"Aleria II T. 169","Aleria II 3463"
"Aleria II T. 169","Aleria II 2733"
"Aleria II T. 169","Aleria II 3893"
"Aleria II T. 169","Aleria II 3144"
"Aleria II T. 169","Aleria I 691"
"Aleria II T. 169","Aleria I 267"
"Aleria II T. 169","Aleria I 5"
"Aleria II T. 169","Aleria II 3511"
"Aleria II T. 169","Aleria II 3143"
"Aleria II T. 169","Aleria II 3895"
"Aleria II T. 169","Aleria II 3888"
"Aleria II T. 169","Aleria II 3530"
"Aleria II T. 169","Morel 4115f"
"Aleria II T. 169","Aleria II 2744"
"Aleria II T. 169","Aleria I 87"
"Aleria II T. 169","Aleria II 4420"
"Aleria II T. 169","Aleria II 3910"
"Aleria II T. 169","Aleria II 3908"
"Aleria II T. 169","Aleria II 3907"
"Aleria II T. 169","Aleria II 3904"
"Aleria II T. 169","Aleria II 3903"
"Aleria II T. 169","Aleria II 3902"
"Aleria II T. 169","Aleria II 3900"
"Aleria II T. 169","Aleria II 3898"
"Aleria II T. 169","Aleria II 3897"
"Aleria II T. 169","Aleria II 3894"
"Aleria II T. 169","Aleria II 3892"
"Aleria II T. 169","Aleria II 3891"
"Aleria II T. 169","Aleria II 3889"
"Aleria II T. 169","Aleria I 91"
"Aleria II T. 169","Aleria I 63"
"Aleria II T. 169","Aleria I 10"
"Aleria II T. 169","Aleria II 3899"
"Aleria II T. 169","Aleria I 548"
"Aleria I T. 29","Aleria I 647"
"Aleria I T. 29","Aleria I 1542"
"Aleria I T. 29","Aleria I 1099"
"Aleria I T. 29","Lamboglia 21"
"Aleria I T. 29","Aleria I 1239"
"Aleria I T. 29","Lamboglia 35"
"Aleria I T. 29","Genucilia"
"Aleria I T. 29","Aleria I 244"
"Aleria I T. 29","Aleria I 737"
"Aleria I T. 29","Aleria I 1687"
"Aleria I T. 29","Lamboglia 107D"
"Aleria I T. 29","Aleria I 84"
"Aleria I T. 29","Aleria I 1469"
"Aleria I T. 29","Aleria I 95"
"Aleria I T. 29","Aleria I 656"
"Aleria I T. 29","Aleria I 257"
"Aleria I T. 29","Aleria I 1620"
"Aleria I T. 29","Aleria I 245a"
"Aleria I T. 29","Aleria I 726"
"Aleria I T. 29","Aleria I 255"
"Aleria I T. 29","Aleria I 455"
"Aleria I T. 29","Aleria I 454"
"Aleria I T. 29","Aleria I 453"
"Aleria I T. 29","Aleria I 251"
"Aleria I T. 29","Aleria I 132"
"Aleria I T. 29","Aleria I 900"
"Aleria I T. 29","Lamboglia 40C3"
"Aleria I T. 29","Aleria I 763"
"Aleria I T. 29","Aleria I 762"
"Aleria I T. 29","Aleria I 761"
"Aleria I T. 29","Aleria I 760"
"Aleria I T. 29","Aleria I 2248"
"Aleria I T. 29","Aleria I 254"
"Aleria I T. 29","Aleria I 720"
"Aleria I T. 29","Aleria I 1695"
"Aleria I T. 29","Aleria I 866"
"Aleria I T. 29","Aleria I 864"
"Aleria I T. 29","Aleria I 284"
"Aleria I T. 29","Aleria I 668"
"Aleria I T. 29","RF School of the Carthage Painter"
"Aleria I T. 29","Aleria I 666"
"Aleria I T. 29","Aleria I 312"
"Aleria I T. 29","Aleria I 266"
"Aleria I T. 29","Aleria I 258"
"Aleria I T. 29","Aleria I 256"
"Aleria I T. 29","Aleria I 252"
"Aleria I T. 29","Aleria I 248"
"Aleria I T. 29","Aleria I 2305"
"Aleria I T. 29","Aleria I 2080"
"Aleria I T. 29","Aleria I 1975"
"Aleria I T. 29","Aleria I 1688"
"Aleria I T. 29","Aleria I 1100"
"Aleria I T. 29","Aleria I 253"
"Aleria I T. 29","Aleria I 246"
"Aleria I T. 29","Aleria I 1375"
"Aleria I T. 29","Aleria I 667"
"Aleria I T. 29","Aleria I 634"
"Aleria I T. 29","Aleria I 247"
"Aleria I T. 29","Aleria I 507"
"Aleria I T. 29","Aleria I 501"
"Aleria I T. 29","Aleria I 249"
"Aleria I T. 29","Aleria I 560"
"Aleria I T. 29","Aleria I 559"
"Aleria I T. 29","Lamboglia 25C"
"Aleria I T. 29","Aleria I 250"
"Aleria I T. 29","Lamboglia 106C"
"Aleria I T. 29","Lamboglia 60"
"Aleria I T. 29","Lamboglia 58C2"
"Aleria I T. 97","Lamboglia 40E2"
"Aleria I T. 97","Aleria I 449"
"Aleria I T. 97","Aleria I 90"
"Aleria I T. 97","Genucilia"
"Aleria I T. 97","RF Torcop Group"
"Aleria I T. 97","Aleria I 310"
"Aleria I T. 97","Morel 5425b"
"Aleria I T. 97","Aleria I 1"
"Aleria I T. 97","Aleria I 49"
"Aleria I T. 97","RF Populonia Painter"
"Aleria I T. 97","Aleria I 318"
"Aleria I T. 97","Aleria I 783"
"Aleria I T. 97","Aleria I 2088"
"Aleria I T. 97","Aleria I 2083"
"Aleria I T. 97","Aleria I 2089"
"Aleria I T. 97","RF Phantom Group"
"Aleria I T. 97","Lamboglia 36C"
"Aleria I T. 97","RF Funnel Group"
"Aleria I T. 97","Lamboglia 59B"
"Aleria I T. 97","Aleria I 846"
"Aleria I T. 97","Aleria I 2102"
"Aleria I T. 97","Aleria I 2092"
"Aleria I T. 97","Aleria I 2091"
"Aleria I T. 97","Aleria I 2090"
"Aleria I T. 97","Aleria I 2082"
"Aleria I T. 97","Aleria I 2081"
"Aleria I T. 97","Aleria I 55"
"Aleria I T. 97","Aleria I 2084"
"Aleria I T. 97","Aleria I 2087"
"Aleria I T. 97","Aleria I 2086"
"Aleria I T. 97","Lamboglia 52"
"Aleria I T. 97","Lamboglia 28"
"Aleria II T. 130","Aleria I 998"
"Aleria II T. 130","Aleria II 2714"
"Aleria II T. 130","Aleria II 2723"
"Aleria II T. 130","Lamboglia 43A3"
"Aleria II T. 130","Aleria II 3475"
"Aleria II T. 130","Aleria I 1393"
"Aleria II T. 130","Aleria II 2680"
"Aleria II T. 130","Lamboglia 129"
"Aleria II T. 130","Aleria I 502"
"Aleria II T. 130","Morel 5121d"
"Aleria II T. 130","Morel 3684a"
"Aleria II T. 130","Morel 3684"
"Aleria II T. 130","Aleria II 3225"
"Aleria II T. 130","Aleria II 2727"
"Aleria II T. 130","Aleria II 2725"
"Aleria II T. 130","Aleria II 2724"
"Aleria II T. 130","Aleria II 2722"
"Aleria II T. 130","Aleria I 1391"
"Aleria II T. 130","Aleria I 363"
"Aleria I T. 6","Aleria I 885"
"Aleria I T. 6","Aleria I 89"
"Aleria I T. 6","Aleria I 90"
"Aleria I T. 6","Ferrara T. 585 Group"
"Aleria I T. 6","RF Torcop Group"
"Aleria I T. 6","Aleria I 94"
"Aleria I T. 6","Lamboglia 107D"
"Aleria I T. 6","Aleria I 84"
"Aleria I T. 6","Aleria I 118"
"Aleria I T. 6","Aleria I 1"
"Aleria I T. 6","Aleria I 389"
"Aleria I T. 6","Aleria I 95"
"Aleria I T. 6","RF Populonia Painter"
"Aleria I T. 6","Aleria I 391"
"Aleria I T. 6","Aleria I 88"
"Aleria I T. 6","Aleria I 76"
"Aleria I T. 6","Aleria I 85"
"Aleria I T. 6","Aleria I 5"
"Aleria I T. 6","Aleria I 80"
"Aleria I T. 6","Lamboglia 118"
"Aleria I T. 6","Aleria I 290"
"Aleria I T. 6","Aleria I 2089"
"Aleria I T. 6","Aleria I 47"
"Aleria I T. 6","Aleria I 392"
"Aleria I T. 6","Aleria I 83"
"Aleria I T. 6","Aleria I 386"
"Aleria I T. 6","Aleria I 2248"
"Aleria I T. 6","Aleria I 720"
"Aleria I T. 6","Aleria I 1695"
"Aleria I T. 6","Lamboglia 59C"
"Aleria I T. 6","Aleria I 753"
"Aleria I T. 6","Aleria I 87"
"Aleria I T. 6","Lamboglia 40F2"
"Aleria I T. 6","Aleria I 1718"
"Aleria I T. 6","Aleria I 1717"
"Aleria I T. 6","Aleria II 2698"
"Aleria I T. 6","RF Phantom Group"
"Aleria I T. 6","Aleria I 882"
"Aleria I T. 6","Aleria I 78"
"Aleria I T. 6","Aleria I 77"
"Aleria I T. 6","Aleria I 311"
"Aleria I T. 6","Aleria I 294"
"Aleria I T. 6","Aleria I 253"
"Aleria I T. 6","Aleria I 246"
"Aleria I T. 6","Aleria I 82"
"Aleria I T. 6","Aleria I 81"
"Aleria I T. 6","Aleria I 2289"
"Aleria I T. 6","Morel 8422a"
"Aleria I T. 6","Aleria I 96a"
"Aleria I T. 6","Aleria I 92"
"Aleria I T. 6","Aleria I 86"
"Aleria I T. 6","Aleria I 824"
"Aleria I T. 6","Aleria I 641"
"Aleria I T. 6","Aleria I 353"
"Aleria I T. 6","Aleria I 2161"
"Aleria I T. 6","Aleria I 2093"
"Aleria I T. 6","Aleria I 1702"
"Aleria I T. 6","Aleria I 169"
"Aleria I T. 6","Aleria I 168"
"Aleria I T. 6","Aleria I 1428"
"Aleria I T. 6","Aleria I 139"
"Aleria I T. 6","Aleria I 1352"
"Aleria I T. 6","Aleria I 122"
"Aleria I T. 6","Aleria I 1154"
"Aleria I T. 6","Aleria I 317"
"Aleria I T. 6","Aleria I 93"
"Aleria I T. 6","Aleria I 91"
"Aleria I T. 6","Aleria I 79"
"Aleria I T. 6","Aleria I 50"
"Aleria I T. 6","Aleria I 1436"
"Aleria I T. 6","Lamboglia 35B"
"Aleria I T. 6","Aleria I 201"
"Aleria I T. 6","Aleria I 1034"
"Aleria I T. 6","Aleria I 204"
"Aleria I T. 6","Lamboglia 27C"
"Aleria I T. 73","Aleria I 1361"
"Aleria I T. 73","Lamboglia 22"
"Aleria I T. 73","Aleria I 448"
"Aleria I T. 73","Aleria I 1400"
"Aleria I T. 73","Aleria I 1399"
"Aleria I T. 73","Genucilia"
"Aleria I T. 73","Aleria I 1133"
"Aleria I T. 73","Ferrara T. 585 Group"
"Aleria I T. 73","Aleria I 244"
"Aleria I T. 73","Aleria I 114"
"Aleria I T. 73","Aleria I 1408"
"Aleria I T. 73","Aleria I 1406"
"Aleria I T. 73","Lamboglia 40B2"
"Aleria I T. 73","Aleria I 49"
"Aleria I T. 73","Aleria I 394"
"Aleria I T. 73","Lamboglia 117"
"Aleria I T. 73","Aleria I 717"
"Aleria I T. 73","Aleria I 691"
"Aleria I T. 73","Aleria I 1360"
"Aleria I T. 73","Aleria I 1422"
"Aleria I T. 73","Aleria I 1397"
"Aleria I T. 73","Aleria I 722"
"Aleria I T. 73","Aleria I 721"
"Aleria I T. 73","Aleria I 1378"
"Aleria I T. 73","Aleria I 1403"
"Aleria I T. 73","Aleria I 1380"
"Aleria I T. 73","Aleria I 1376"
"Aleria I T. 73","Aleria I 1266"
"Aleria I T. 73","Aleria I 1393"
"Aleria I T. 73","Lamboglia 22/27"
"Aleria I T. 73","RF Phantom Group"
"Aleria I T. 73","Aleria I 1375"
"Aleria I T. 73","Aleria I 1391"
"Aleria I T. 73","Aleria I 91"
"Aleria I T. 73","Morel 3751b"
"Aleria I T. 73","Lamboglia 42B/117"
"Aleria I T. 73","Aleria I 2240"
"Aleria I T. 73","Aleria I 1423"
"Aleria I T. 73","Aleria I 1421a"
"Aleria I T. 73","Aleria I 1410"
"Aleria I T. 73","Aleria I 1402"
"Aleria I T. 73","Aleria I 1134"
"Aleria I T. 73","Aleria I 1118"
"Aleria I T. 73","Aleria I 1396"
"Aleria I T. 73","Lamboglia 25B"
"Aleria I T. 73","Lamboglia 133"
"Aleria I T. 73","Aleria I 898"
"Aleria I T. 73","Aleria I 972"
"Aleria I T. 73","Aleria I 1407"
"Aleria I T. 32","Aleria I 315"
"Aleria I T. 32","Aleria I 95"
"Aleria I T. 32","Aleria I 132"
"Aleria I T. 32","Aleria I 317"
"Aleria I T. 32","Aleria I 91"
"Aleria I T. 32","Aleria I 316"
"Aleria I T. 32","Aleria I 1040"
"Aleria I T. 32","Aleria I 314"
"Aleria I T. 32","Lamboglia 35B"
"Aleria I T. 2","Lamboglia 21"
"Aleria I T. 2","Aleria I 8"
"Aleria I T. 2","Aleria I 770"
"Aleria I T. 2","Lamboglia 26/27"
"Aleria I T. 2","Aleria I 619"
"Aleria I T. 2","Aleria I 7"
"Aleria I T. 2","Lamboglia 117"
"Aleria I T. 2","Aleria I 606"
"Aleria I T. 2","Aleria I 5"
"Aleria I T. 2","Aleria I 9"
"Aleria I T. 2","Aleria I 329"
"Aleria I T. 2","Aleria I 12"
"Aleria I T. 2","Aleria I 11"
"Aleria I T. 2","Aleria I 309"
"Aleria I T. 2","Aleria I 484"
"Aleria I T. 2","Aleria I 441"
"Aleria I T. 2","Aleria I 617"
"Aleria I T. 2","Aleria I 6"
"Aleria I T. 2","Aleria I 978"
"Aleria I T. 2","Aleria I 791"
"Aleria I T. 2","Aleria I 790"
"Aleria I T. 2","Lamboglia 36C"
"Aleria I T. 2","Aleria I 921"
"Aleria I T. 2","Aleria I 887"
"Aleria I T. 2","Aleria I 13"
"Aleria I T. 2","Aleria I 306"
"Aleria I T. 2","Aleria I 301"
"Aleria I T. 2","Aleria I 289"
"Aleria I T. 2","Aleria I 1500"
"Aleria I T. 2","Aleria I 61"
"Aleria I T. 2","Aleria I 93"
"Aleria I T. 2","Aleria I 928"
"Aleria I T. 2","Aleria I 927"
"Aleria I T. 2","Aleria I 912"
"Aleria I T. 2","Aleria I 871"
"Aleria I T. 2","Aleria I 489"
"Aleria I T. 2","Aleria I 482"
"Aleria I T. 2","Aleria I 1720"
"Aleria I T. 2","Aleria I 1413"
"Aleria I T. 2","Aleria I 1389"
"Aleria I T. 2","Aleria I 1335"
"Aleria I T. 2","Aleria I 1293"
"Aleria I T. 2","Aleria I 1147"
"Aleria I T. 2","Aleira I 925"
"Aleria I T. 2","Aleira I 471"
"Aleria I T. 2","Aleria I 1209"
"Aleria I T. 2","Aleria I 50"
"Aleria I T. 2","Aleria I 62"
"Aleria I T. 2","Aleria I 418"
"Aleria I T. 2","Aleria I 10"
"Aleria I T. 2","Aleria I 20"
"Aleria I T. 2","Aleria I 1014"
"Aleria I T. 48","Aleria I 656"
"Aleria I T. 48","Lamboglia 58E2"
"Aleria I T. 48","Aleria I 659"
"Aleria I T. 48","Aleria I 658"
"Aleria I T. 48","Aleria I 669"
"Aleria I T. 48","Aleria I 660"
"Aleria I T. 48","Aleria I 668"
"Aleria I T. 48","Lamboglia 20"
"Aleria I T. 48","Aleria I 667"
"Aleria I T. 48","Aleria I 657"
"Aleria I T. 48","Aleria I 73"
"Aleria I T. 48","Aleria I 670"
"Aleria I T. 48","Lamboglia 60B"
"Aleria I T. 65","Aleria I 357"
"Aleria I T. 65","Aleria I 178"
"Aleria I T. 65","Aleria I 771"
"Aleria I T. 65","Aleria I 983"
"Aleria I T. 65","Aleria I 1212"
"Aleria I T. 65","Aleria I 1215"
"Aleria I T. 65","Aleria I 1285"
"Aleria I T. 65","Lamboglia 106A"
"Aleria I T. 65","Aleria I 1202"
"Aleria I T. 65","Aleria I 1208"
"Aleria I T. 65","Aleria I 1203"
"Aleria I T. 65","RF Phantom Group"
"Aleria I T. 65","Aleria I 1209"
"Aleria I T. 65","Aleria I 137"
"Aleria I T. 65","Lamboglia 28B"
"Aleria I T. 65","Lamboglia 28A"
"Aleria I T. 65","Aleria I 1207"
"Aleria I T. 65","Aleria I 1206"
"Aleria I T. 65","Aleria I 1205"
"Aleria I T. 65","Aleria I 1204"
"Aleria I T. 65","Aleria I 1201"
"Aleria I T. 65","Aleria I 1198"
"Aleria I T. 65","Aleria I 1197"
"Aleria I T. 65","Aleria I 1210"
"Aleria I T. 65","Aleria I 10"
"Aleria I T. 65","Lamboglia 107C"
"Aleria I T. 65","Lamboglia 36B"
"Aleria I T. 5","Genucilia"
"Aleria I T. 5","Aleria I 1126"
"Aleria I T. 5","Aleria I 1238"
"Aleria I T. 5","Aleria I 1363"
"Aleria I T. 5","Aleria I 49"
"Aleria I T. 5","Aleria I 59"
"Aleria I T. 5","Aleria I 7"
"Aleria I T. 5","Aleria I 285"
"Aleria I T. 5","Lamboglia 117"
"Aleria I T. 5","Aleria I 391"
"Aleria I T. 5","Aleria I 71"
"Aleria I T. 5","Aleria I 5"
"Aleria I T. 5","Aleria I 290"
"Aleria I T. 5","Lamboglia 81"
"Aleria I T. 5","Aleria I 70"
"Aleria I T. 5","Morel 4115f"
"Aleria I T. 5","Aleria I 425"
"Aleria I T. 5","Aleria I 65"
"Aleria I T. 5","Aleria I 47"
"Aleria I T. 5","Aleria I 392"
"Aleria I T. 5","Aleria I 48"
"Aleria I T. 5","Aleria I 272"
"Aleria I T. 5","Aleria I 1237"
"Aleria I T. 5","Aleria I 452"
"Aleria I T. 5","Gnathian Style"
"Aleria I T. 5","RF Phantom Group"
"Aleria I T. 5","Aleria I 68"
"Aleria I T. 5","Aleria I 2074"
"Aleria I T. 5","Aleria I 164"
"Aleria I T. 5","Aleria I 2231"
"Aleria I T. 5","Aleria I 191"
"Aleria I T. 5","Aleria I 1614"
"Aleria I T. 5","Aleria I 1604"
"Aleria I T. 5","Aleria I 600"
"Aleria I T. 5","Aleria I 299"
"Aleria I T. 5","Aleria I 1503"
"Aleria I T. 5","Aleria I 343"
"Aleria I T. 5","Aleria I 342"
"Aleria I T. 5","Aleria I 331"
"Aleria I T. 5","Aleria I 1730"
"Aleria I T. 5","Aleria I 1692"
"Aleria I T. 5","Aleria I 451"
"Aleria I T. 5","Aleria I 60"
"Aleria I T. 5","Aleria I 283"
"Aleria I T. 5","Aleria I 82"
"Aleria I T. 5","Aleria I 81"
"Aleria I T. 5","Aleria I 2289"
"Aleria I T. 5","Aleria I 61"
"Aleria I T. 5","Aleria I 782"
"Aleria I T. 5","Aleria I 66"
"Aleria I T. 5","Aleria I 1715"
"Aleria I T. 5","Aleria I 793"
"Aleria I T. 5","Aleria I 55"
"Aleria I T. 5","Aleria I 2084"
"Aleria I T. 5","Aleria I 79"
"Aleria I T. 5","Aleria I 858"
"Aleria I T. 5","Aleria I 1396"
"Aleria I T. 5","Aleria I 270"
"Aleria I T. 5","Aleria I 282"
"Aleria I T. 5","Aleria I 281"
"Aleria I T. 5","Aleria I 274"
"Aleria I T. 5","Aleria I 806"
"Aleria I T. 5","Aleria I 54"
"Aleria I T. 5","Aleria I 53"
"Aleria I T. 5","Aleria I 424"
"Aleria I T. 5","Aleria I 422"
"Aleria I T. 5","Aleria I 417"
"Aleria I T. 5","Aleria I 415"
"Aleria I T. 5","Aleria I 271"
"Aleria I T. 5","Aleria I 2286"
"Aleria I T. 5","Aleria I 63"
"Aleria I T. 5","Aleria I 2087"
"Aleria I T. 5","Aleria I 2086"
"Aleria I T. 5","Aleria I 50"
"Aleria I T. 5","Aleria I 58"
"Aleria I T. 5","Aleria I 62"
"Aleria I T. 5","Aleria I 418"
"Aleria I T. 5","Aleria I 249"
"Aleria I T. 5","Morel 1124a"
"Aleria I T. 5","Lamboglia 58D"
"Aleria I T. 5","Lamboglia 23B"
"Aleria I T. 5","Aleria I 889"
"Aleria I T. 5","Aleria I 888"
"Aleria I T. 5","Aleria I 69"
"Aleria I T. 5","Aleria I 67b"
"Aleria I T. 5","Aleria I 67a"
"Aleria I T. 5","Aleria I 64"
"Aleria I T. 5","Aleria I 604"
"Aleria I T. 5","Aleria I 57"
"Aleria I T. 5","Aleria I 56"
"Aleria I T. 5","Aleria I 52"
"Aleria I T. 5","Aleria I 51"
"Aleria I T. 5","Aleria I 46"
"Aleria I T. 5","Aleria I 426"
"Aleria I T. 5","Aleria I 265"
"Aleria I T. 5","Aleria I 2232"
"Aleria I T. 5","Aleria I 176"
"Aleria I T. 5","Aleria I 1719"
"Aleria I T. 5","Aleria I 1605"
"Aleria I T. 5","Aleria I 1129"
"Aleria I T. 5","Aleria I 1128"
"Aleria I T. 5","Aleria I 560"
"Aleria I T. 5","Aleria I 559"
"Aleria I T. 5","Aleria I 625"
"Aleria I T. 5","Lamboglia 27B"
"Aleria I T. 5","Aleria I 570"
"Aleria I T. 5","Aleria I 1183"
"Aleria I T. 5","Aleria I 1059"
"Aleria I T. 5","Aleria I 571"
"Aleria I T. 5","Aleria I 569"
"Aleria I T. 5","Aleria I 523"
"Aleria I T. 5","Aleria I 547"
"Aleria II T. 160","Aleria II 4101"
"Aleria II T. 160","Lamboglia 35"
"Aleria II T. 160","Genucilia"
"Aleria II T. 160","Lamboglia 23"
"Aleria II T. 160","Aleria I 1212"
"Aleria II T. 160","Aleria I 1312"
"Aleria II T. 160","Jehasse 116"
"Aleria II T. 160","Aleria I 320"
"Aleria II T. 160","Aleria I 433"
"Aleria II T. 160","Aleria II 3455"
"Aleria II T. 160","Aleria I 71"
"Aleria II T. 160","Aleria II 2711"
"Aleria II T. 160","Aleria II 3143"
"Aleria II T. 160","Aleria I 65"
"Aleria II T. 160","Aleria I 536"
"Aleria II T. 160","Aleria II 2698"
"Aleria II T. 160","Aleria II 2504"
"Aleria II T. 160","Aleria II 3818"
"Aleria II T. 160","Aleria II 3604"
"Aleria II T. 160","Aleria II 2796"
"Aleria II T. 160","Aleria II 3823"
"Aleria II T. 160","Aleria II 3819"
"Aleria II T. 160","Lamboglia 40C1"
"Aleria II T. 160","Aleria II 3601"
"Aleria II T. 160","Aleria II 3514"
"Aleria II T. 160","Aleria I 270"
"Aleria II T. 160","Morel 2222j"
"Aleria II T. 160","Morel 1310"
"Aleria II T. 160","Morel 1121d"
"Aleria II T. 160","Aleria II 3611"
"Aleria II T. 160","Aleria II 3610"
"Aleria II T. 160","Aleria II 3609"
"Aleria II T. 160","Aleria II 3608"
"Aleria II T. 160","Aleria II 3607"
"Aleria II T. 160","Aleria II 3606"
"Aleria II T. 160","Aleria II 3605"
"Aleria II T. 160","Aleria II 3603"
"Aleria II T. 160","Aleria II 3602"
"Aleria II T. 160","Aleria I 836"
"Aleria II T. 160","Aleria I 2150"
"Aleria II T. 160","Aleria I 638"
"Aleria II T. 160","Aleria II 3642"
"Aleria II T. 160","Lamboglia 60B"
"Aleria II T. 160","Lamboglia 36B"
"Aleria II T. 160","Aleria II 2806"
"Aleria I T. 14","Ferrara T. 585 Group"
"Aleria I T. 14","Aleria I 132"
"Aleria I T. 14","Aleria I 80"
"Aleria I T. 14","Aleria I 2241"
"Aleria I T. 14","Aleria I 1331"
"Aleria I T. 14","Aleria I 1705"
"Aleria I T. 14","Aleria I 396"
"Aleria I T. 14","Aleria I 767"
"Aleria I T. 14","Aleria I 766"
"Aleria I T. 14","Aleria I 867"
"Aleria I T. 14","Aleria I 286"
"Aleria I T. 14","Lamboglia 4A"
"Aleria I T. 14","Aleria I 677"
"Aleria I T. 14","Aleria I 676"
"Aleria I T. 14","Aleria I 686"
"Aleria I T. 14","Aleria I 685"
"Aleria I T. 14","Aleria I 137"
"Aleria I T. 14","Aleria I 247"
"Aleria I T. 14","Aleria I 706"
"Aleria I T. 14","Aleria I 314"
"Aleria I T. 14","Aleria I 1210"
"Aleria I T. 14","Aleria I 689"
"Aleria I T. 14","Lamboglia 43B"
"Aleria I T. 14","Aleria I 823"
"Aleria I T. 14","Aleria I 822"
"Aleria I T. 14","Aleria I 134"
"Aleria I T. 14","Aleria I 133"
"Aleria I T. 14","Aleria I 1156"
"Aleria I T. 14","Aleria I 135"
"Aleria I T. 14","Aleria I 1435"
"Aleria I T. 14","Aleria I 707"
"Aleria I T. 14","Aleria I 1508"
"Aleria I T. 14","Aleria I 690"
"Aleria I T. 14","Aleria I 510"
"Aleria I T. 14","Aleria I 982"
"Aleria I T. 14","Aleria I 1509"
"Aleria I T. 14","Aleria I 136"
"Aleria I T. 34","Lamboglia 40"
"Aleria I T. 34","Lamboglia 40C3"
"Aleria I T. 34","Aleria I 498"
"Aleria I T. 34","Aleria I 326"
"Aleria I T. 34","Lamboglia 58"
"Aleria I T. 34","Gnathian Style"
"Aleria I T. 34","Lamboglia 22/27"
"Aleria I T. 34","Lamboglia 40C2"
"Aleria I T. 34","Aleria I 503"
"Aleria I T. 34","Aleria I 500"
"Aleria I T. 34","Lamboglia 129"
"Aleria I T. 34","Aleria I 502"
"Aleria I T. 34","Aleria I 511"
"Aleria I T. 34","Aleria I 499"
"Aleria I T. 34","Lamboglia 52"
"Aleria I T. 34","Aleria I 507"
"Aleria I T. 34","Aleria I 501"
"Aleria I T. 34","Lamboglia 43C"
"Aleria I T. 34","Aleria I 509"
"Aleria I T. 34","Aleria I 508"
"Aleria I T. 34","Aleria I 506"
"Aleria I T. 34","Aleria I 505"
"Aleria I T. 34","Aleria I 504"
"Aleria I T. 34","Aleria I 2276a"
"Aleria I T. 34","Aleria I 630"
"Aleria I T. 34","Aleria I 629"
"Aleria I T. 34","Aleria I 628"
"Aleria I T. 34","Aleria I 510"
"Aleria I T. 34","Lamboglia 24/25"
"Aleria I T. 34","Lamboglia 27C"
"Aleria II T. 155C","Aleria I 863"
"Aleria II T. 155C","Aleria II 3438"
"Aleria II T. 155C","Aleria II 3437"
"Aleria II T. 155C","Aleria II 3436"
"Aleria II T. 155C","Aleria II 3078"
"Aleria II T. 155C","Aleria II 3075"
"Aleria II T. 155C","Aleria I 177"
"Aleria II T. 155C","RF Phantom Group"
"Aleria II T. 155C","Aleria I 188"
"Aleria I T. 43","Genucilia"
"Aleria I T. 43","Lamboglia 81"
"Aleria I T. 43","Aleria I 626"
"Aleria I T. 43","Gnathian Style"
"Aleria I T. 43","Aleria I 639"
"Aleria I T. 43","Lamboglia 40C1"
"Aleria I T. 43","Aleria I 634"
"Aleria I T. 43","Aleria I 640"
"Aleria I T. 43","Aleria I 428"
"Aleria I T. 43","Aleria I 58"
"Aleria I T. 43","Aleria I 633"
"Aleria I T. 43","Aleria I 249"
"Aleria I T. 43","Aleria I 625"
"Aleria I T. 43","Aleria I 630"
"Aleria I T. 43","Aleria I 629"
"Aleria I T. 43","Aleria I 628"
"Aleria I T. 43","Morel 2723a"
"Aleria I T. 43","Morel 1763a"
"Aleria I T. 43","Lamboglia 936B"
"Aleria I T. 43","Lamboglia 93"
"Aleria I T. 43","Lamboglia 124"
"Aleria I T. 43","Lamboglia 123"
"Aleria I T. 43","Aleria I 637"
"Aleria I T. 43","Aleria I 636"
"Aleria I T. 43","Aleria I 635"
"Aleria I T. 43","Aleria I 632"
"Aleria I T. 43","Aleria I 631"
"Aleria I T. 43","Aleria I 624"
"Aleria I T. 43","Aleria I 623"
"Aleria I T. 43","Aleria I 622"
"Aleria I T. 43","Aleria I 432"
"Aleria I T. 43","Aleria I 638"
"Aleria I T. 43","Lamboglia 58C2"
"Aleria I T. 43","Lamboglia 36B"
"Aleria I T. 76","Aleria I 132"
"Aleria I T. 76","RF Phantom Group"
"Aleria I T. 76","Lamboglia 20"
"Aleria I T. 76","Aleria I 657"
"Aleria I T. 76","Aleria I 1436"
"Aleria I T. 76","Aleria I 1435"
"Aleria I T. 76","Aleria I 1440"
"Aleria I T. 76","Aleria I 1437"
"Aleria I T. 76","Aleria I 1434"
"Aleria I T. 76","Lamboglia 60C"
"Aleria I T. 76","Lamboglia 60B"
"Aleria I T. 38","Lamboglia 118"
"Aleria I T. 38","Aleria I 555"
"Aleria I T. 38","Aleria I 554"
"Aleria I T. 38","Aleria I 560"
"Aleria I T. 38","Aleria I 559"
"Aleria I T. 38","Aleria I 558"
"Aleria I T. 38","Aleria I 557"
"Aleria I T. 38","Aleria I 556"
"Aleria I T. 38","Lamboglia 58C2"
"Aleria I T. 58","Lamboglia 36C"
"Aleria I T. 58","Aleria I 1032"
"Aleria I T. 58","Lamboglia 35B"
"Aleria I T. 58","Aleria I 201"
"Aleria I T. 58","Aleria I 1034"
"Aleria I T. 58","Aleria I 204"
"Aleria I T. 22","Lamboglia 25C"
"Aleria I T. 22","Aleria I 250"
"Aleria I T. 22","Lamboglia 106C"
"Aleria I T. 22","Aleria I 895"
"Aleria I T. 22","Lamboglia 35B"
"Aleria I T. 22","Aleria I 201"
"Aleria I T. 22","Aleria I 1034"
"Aleria I T. 22","Aleria I 204"
"Aleria I T. 22","Aleria I 198"
"Aleria I T. 22","Lamboglia 36/78"
"Aleria I T. 22","Aleria I 203"
"Aleria I T. 22","Aleria I 200"
"Aleria I T. 22","Aleria I 199"
"Aleria I T. 22","Aleria I 1189"
"Aleria I T. 22","Aleria I 197"
"Aleria I T. 22","Aleria I 196"
"Aleria I T. 8","Aleria I 91"
"Aleria I T. 8","Aleria I 706"
"Aleria I T. 8","Aleria I 689"
"Aleria I T. 8","Aleria I 135"
"Aleria I T. 8","Aleria I 707"
"Aleria I T. 8","Aleria I 1508"
"Aleria I T. 8","Aleria I 690"
"Aleria I T. 8","Aleria I 510"
"Aleria I T. 8","Aleria I 982"
"Aleria I T. 8","Aleria I 1509"
"Aleria I T. 8","Aleria I 136"
"Aleria I T. 8","Aleria I 41"
"Aleria I T. 8","Aleria I 40"
"Aleria I T. 8","Aleria I 39"
"Aleria I T. 8","Aleria I 38"
"Aleria I T. 8","Aleria I 37"
"Aleria I T. 8","Aleria I 1088"
"Aleria I T. 8","Aleria I 102"
"Aleria I T. 8","Aleria I 100"
"Aleria I T. 8","Lamboglia 21D"
"Aleria I T. 8","Aleria I 526"
"Aleria I T. 8","Aleria I 101"
"Aleria I T. 8","Lamboglia 36B"
"Aleria I T. 8","Aleria I 184"
"Aleria I T. 8","Aleria I 99"
"Aleria I T. 8","Aleria I 103"
"Aleria I T. 8","Aleria I 36"
"Aleria I T. 23","Lamboglia 107C"
"Aleria I T. 23","Lamboglia 35B"
"Aleria I T. 23","Aleria I 204"
"Aleria I T. 23","Lamboglia 36/78"
"Aleria I T. 23","Aleria I 203"
"Aleria I T. 23","Aleria I 200"
"Aleria I T. 23","Aleria I 199"
"Aleria I T. 23","Almagro Ampurius p. 397 n 29 Forti type3"
"Aleria I T. 23","Aleria I 205"
"Aleria I T. 23","Aleria I 202"
"Aleria I T. 23","Aleria I 1181"
"Aleria I T. 23","Aleria I 19"
"Aleria II T. 162","Aleria I 638"
"Aleria II T. 162","Lamboglia 60"
"Aleria II T. 162","Aleria II 3642"
"Aleria II T. 162","Lamboglia 36B"
"Aleria II T. 162","Aleria I 205"
"Aleria II T. 162","Aleria II 3644"
"Aleria II T. 162","Aleria II 3643"
"Aleria II T. 162","Aleria II 2540"
"Aleria II T. 162","Aleria I 529"
"Aleria II T. 162","Aleria II 2806"
"Aleria II T. 162","Aleria I 1454"
"Aleria II T. 162","Aleria II 3645"
"Aleria II T. 162","Aleria II 3219"
"Aleria I T. 37","Lamboglia 58C2"
"Aleria I T. 37","Aleria I 1183"
"Aleria I T. 37","Aleria I 1059"
"Aleria I T. 37","Aleria I 571"
"Aleria I T. 37","Aleria I 569"
"Aleria I T. 37","Aleria I 548"
"Aleria I T. 37","Aleria I 481"
"Aleria I T. 37","Aleria I 480"
"Aleria I T. 37","Aleria I 547"
"Aleria I T. 35","RF Phantom Group"
"Aleria I T. 35","Aleria I 519"
"Aleria I T. 35","Lamboglia 25B"
"Aleria I T. 35","Lamboglia 21D"
"Aleria I T. 35","Aleria I 526"
"Aleria I T. 35","Aleria I 101"
"Aleria I T. 35","Lamboglia 36B"
"Aleria I T. 35","Aleria I 523"
"Aleria I T. 35","Aleria I 529"
"Aleria I T. 35","Grand Congloué A p 114 n 4"
"Aleria I T. 35","Aleria I 589"
"Aleria I T. 35","Aleria I 520"
"Aleria I T. 35","Aleria I 188"
"Aleria I T. 35","Aleria I 524"
"Aleria I T. 35","Aleria I 521"
"Aleria I T. 35","Aleria I 185"
"Aleria I T. 35","Jehasse 122"
"Aleria I T. 35","Aleria I 525"
"Aleria I T. 35","Lamboglia 55/5"
"Aleria I T. 35","Aleria I 222"
"Aleria II T. 141","Aleria II 3899"
"Aleria II T. 141","Lamboglia 27B"
"Aleria II T. 141","Morel 5226h"
"Aleria II T. 141","Lamboglia 58C2"
"Aleria II T. 141","Lamboglia 36B"
"Aleria II T. 141","Aleria I 197"
"Aleria II T. 141","Aleria II 2806"
"Aleria II T. 141","Aleria I 547"
"Aleria II T. 141","Aleria I 99"
"Aleria II T. 141","Morel 7111b"
"Aleria II T. 141","Morel 1310d"
"Aleria II T. 141","Aleria II 3708"
"Aleria II T. 141","Aleria II 2829"
"Aleria II T. 141","Aleria II 2827"
"Aleria II T. 141","Aleria II 2826"
"Aleria II T. 141","Aleria II 2825"
"Aleria II T. 141","Aleria II 2824"
"Aleria II T. 141","Aleria II 2822"
"Aleria II T. 141","Aleria II 2820"
"Aleria II T. 141","Aleria I 140"
"Aleria II T. 141","Aleria II 2821"
"Aleria II T. 141","Aleria II 2828"
"Aleria II T. 141","Aleria II 2823"
"Aleria II T. 141","Aleria I 1190"
"Aleria II T. 141","Aleria I 1010"
"Aleria II T. 141","Morel 2784c"
"Aleria II T. 141","Aleria II 3215"
"Aleria II T. 141","Aleria II 2830"
"Aleria II T. 139","Lamboglia 60B"
"Aleria II T. 139","Morel 1312"
"Aleria II T. 139","Aleria II 2806"
"Aleria II T. 139","Aleria II 2821"
"Aleria II T. 139","Lamboglia 36"
"Aleria II T. 139","Aleria II 2808"
"Aleria II T. 139","Aleria II 2807"
"Aleria II T. 139","Aleria I 1184"
"Aleria II T. 139","Aleria I 219"
"Aleria II T. 152 4","Lamboglia 27B"
"Aleria II T. 152 4","Aleria I 548"
"Aleria II T. 152 4","Aleria II 2828"
"Aleria II T. 152 4","Aleria II 2823"
"Aleria II T. 152 4","Morel 2784"
"Aleria II T. 152 4","Aleria II 3272"
"Aleria II T. 152 4","Aleria II 3271"
"Aleria II T. 152 4","Aleria I 1017 sp 230423413"
"Aleria II T. 152 4","Morel 2784b"
"Aleria II T. 108","Morel 1312"
"Aleria II T. 108","Aleria II 2806"
"Aleria II T. 108","Aleria II 2324"
"Aleria II T. 108","Lamboglia 36A"
"Aleria II T. 108","Aleria I 573"
"Aleria I T. 20","Lamboglia 25B"
"Aleria I T. 20","Lamboglia 24/25"
"Aleria I T. 20","Lamboglia 36B"
"Aleria I T. 20","Aleria I 523"
"Aleria I T. 20","Aleria I 184"
"Aleria I T. 20","Aleria I 188"
"Aleria I T. 20","Aleria I 99"
"Aleria I T. 20","Aleria I 524"
"Aleria I T. 20","Aleria I 521"
"Aleria I T. 20","Aleria I 185"
"Aleria I T. 20","Lamboglia 27C"
"Aleria I T. 20","Lamboglia 55/5"
"Aleria I T. 20","Aleria I 20b"
"Aleria I T. 20","Aleria I 32"
"Aleria I T. 20","Aleria I 186"
"Aleria I T. 20","Aleria I 183"
"Aleria I T. 20","Aleria I 1085"
"Aleria I T. 20","Aleria I 241"
"Aleria I T. 20","Lamboglia 59A1"
"Aleria I T. 20","Aleria I 31"
"Aleria I T. 20","Aleria I 227"
"Aleria I T. 20","Aleria I 23"
"Aleria I T. 20","Aleria I 226"
"Aleria I T. 20","Aleria I 583"
"Aleria I T. 20","Aleria I 182"
"Aleria I T. 20","Aleria I 187"
"Aleria I T. 64","Aleria I 1183"
"Aleria I T. 64","Lamboglia 36B"
"Aleria I T. 64","Aleria I 1189"
"Aleria I T. 64","Aleria I 197"
"Aleria I T. 64","Aleria I 202"
"Aleria I T. 64","Aleria I 1181"
"Aleria I T. 64","Aleria I 547"
"Aleria I T. 64","Aleria I 19"
"Aleria I T. 64","Aleria I 1190"
"Aleria I T. 64","Morel 5551a"
"Aleria I T. 64","Lamboglia 89"
"Aleria I T. 64","Lamboglia 58C"
"Aleria I T. 64","Lamboglia 107A"
"Aleria I T. 64","Jehasse 128"
"Aleria I T. 64","Aleria I 1191"
"Aleria I T. 64","Aleria I 1188"
"Aleria I T. 64","Aleria I 1182"
"Aleria I T. 64","Aleria I 222"
"Aleria I T. 64","Aleria I 1184"
"Aleria I T. 64","Lamboglia 36F"
"Aleria I T. 64","Aleria I 29"
"Aleria I T. 64","Aleria I 1186"
"Aleria I T. 64","Aleria I 1185"
"Aleria I T. 3","Aleria I 10"
"Aleria I T. 3","Lamboglia 60C"
"Aleria I T. 3","Lamboglia 60B"
"Aleria I T. 3","Lamboglia 68B"
"Aleria I T. 3","Aleria I 523"
"Aleria I T. 3","Aleria I 188"
"Aleria I T. 3","Aleria I 19"
"Aleria I T. 3","Aleria I 1454"
"Aleria I T. 3","Lamboglia 55/5"
"Aleria I T. 3","Aleria I 20b"
"Aleria I T. 3","Morel 5252b"
"Aleria I T. 3","Morel 2616a"
"Aleria I T. 3","Lamboglia 107B"
"Aleria I T. 3","Aleria I 586"
"Aleria I T. 3","Aleria I 21"
"Aleria I T. 3","Aleria I 20a"
"Aleria I T. 3","Aleria I 18"
"Aleria I T. 3","Aleria I 17"
"Aleria I T. 3","Aleria I 1069"
"Aleria I T. 3","Aleria I 1085"
"Aleria I T. 3","Lamboglia 100"
"Aleria I T. 3","Aleria I 14"
"Aleria I T. 3","Aleria I 578"
"Aleria I T. 3","Aleria I 1061"
"Aleria I T. 3","Aleria I 1007"
"Aleria I T. 3","Aleria I 22"
"Aleria I T. 3","Aleria I 23"
"Aleria I T. 3","Aleria I 15"
"Aleria I T. 3","Lamboglia 60A"
"Aleria I T. 3","Aleria I 16"
"Aleria I T. 3","Aleria I 1081"
"Aleria II T. 124","Morel 1314c"
"Aleria II T. 124","Morel 1314b"
"Aleria II T. 124","Lamboglia 36B"
"Aleria II T. 124","Aleria II 2806"
"Aleria II T. 124","Lamboglia 27C"
"Aleria II T. 124","Morel 5252b"
"Aleria II T. 124","Morel 3153b"
"Aleria II T. 124","Morel 2978"
"Aleria II T. 124","Morel 2788a"
"Aleria II T. 124","Aleria II 3707"
"Aleria II T. 124","Aleria II 2539"
"Aleria II T. 124","Aleria II 2538"
"Aleria II T. 124","Aleria II 2537"
"Aleria II T. 124","Aleria II 2536"
"Aleria II T. 124","Lamboglia 100"
"Aleria II T. 124","Aleria I 14"
"Aleria II T. 124","Morel 3153a"
"Aleria II T. 124","Aleria I 567"
"Aleria II T. 124","Aleria I 1009"
"Aleria I T. 4","Lamboglia 133"
"Aleria I T. 4","Aleria I 898"
"Aleria I T. 4","Lamboglia 24/25"
"Aleria I T. 4","Aleria I 972"
"Aleria I T. 4","Aleria I 1407"
"Aleria I T. 4","Lamboglia 36B"
"Aleria I T. 4","Aleria I 103"
"Aleria I T. 4","Aleria I 36"
"Aleria I T. 4","Aleria I 32"
"Aleria I T. 4","Aleria I 186"
"Aleria I T. 4","Aleria I 183"
"Aleria I T. 4","Lamboglia 36F"
"Aleria I T. 4","Aleria I 29"
"Aleria I T. 4","Aleria I 1186"
"Aleria I T. 4","Aleria I 1185"
"Aleria I T. 4","Morel 1312i"
"Aleria I T. 4","Lamboglia 130"
"Aleria I T. 4","Almagro Ampurias p. 394 n 7"
"Aleria I T. 4","Aleria I 33"
"Aleria I T. 4","Aleria I 30"
"Aleria I T. 4","Aleria I 28"
"Aleria I T. 4","Aleria I 27"
"Aleria I T. 4","Aleria I 25"
"Aleria I T. 4","Aleria I 243"
"Aleria I T. 4","Aleria I 235"
"Aleria I T. 4","Aleria I 218"
"Aleria I T. 4","Aleria I 1432"
"Aleria I T. 4","Aleria I 1192"
"Aleria I T. 4","Aleria 211"
"Aleria I T. 4","Aleria 210"
"Aleria I T. 4","Aleria 209"
"Aleria I T. 4","Aleria I 242"
"Aleria I T. 4","Lamboglia 59A1"
"Aleria I T. 4","Aleria I 31"
"Aleria I T. 4","Aleria I 227"
"Aleria I T. 4","Aleria I 231"
"Aleria I T. 4","Aleria I 43"
"Aleria I T. 4","Aleria I 26"
"Aleria I T. 4","Aleria I 217"
"Aleria I T. 4","Aleria I 216"
"Aleria I T. 4","Aleria I 215"
"Aleria I T. 60","Lamboglia 59"
"Aleria I T. 60","Aleria I 2223"
"Aleria I T. 60","Lamboglia 58C2"
"Aleria I T. 60","Aleria I 1059"
"Aleria I T. 60","Lamboglia 36B"
"Aleria I T. 60","Aleria I 547"
"Aleria I T. 60","Jehasse 122"
"Aleria I T. 60","Aleria I 222"
"Aleria I T. 60","Aleria I 18"
"Aleria I T. 60","Aleria I 17"
"Aleria I T. 60","Aleria I 1069"
"Aleria I T. 60","Lamboglia 100"
"Aleria I T. 60","Aleria I 14"
"Aleria I T. 60","Lamboglia 59A2"
"Aleria I T. 60","Lamboglia 127"
"Aleria I T. 60","Lamboglia 10"
"Aleria I T. 60","Aleria I 1070"
"Aleria I T. 60","Aleria I 1066"
"Aleria I T. 60","Aleria I 1065"
"Aleria I T. 60","Aleria I 1063"
"Aleria I T. 60","Aleria I 1062"
"Aleria I T. 60","Aleria I 1060"
"Aleria I T. 60","Aleria I 1061"
"Aleria I T. 60","Aleria I 1072"
"Aleria I T. 60","Aleria I 1020"
"Aleria I T. 60","Aleria I 1019"
"Aleria I T. 60","Aleria I 1018"
"Aleria I T. 60","Aleria I 1017"
"Aleria I T. 60","Aleria I 43"
"Aleria I T. 60","Aleria I 1067"
"Aleria I T. 60","Aleria I 16"
"Aleria I T. 60","Aleria I 1076"
"Aleria I T. 28","Lamboglia 30"
"Aleria I T. 28","Lamboglia 27C"
"Aleria I T. 28","Lamboglia 36F"
"Aleria I T. 28","Aleria I 29"
"Aleria I T. 28","Aleria I 1186"
"Aleria I T. 28","Aleria I 1185"
"Aleria I T. 28","Aleria I 241"
"Aleria I T. 28","Aleria I 242"
"Aleria I T. 28","Aleria I 240"
"Aleria I T. 41","Aleria I 570"
"Aleria I T. 41","Lamboglia 60B"
"Aleria I T. 41","Lamboglia 58C2"
"Aleria I T. 41","Aleria I 571"
"Aleria I T. 41","Aleria I 569"
"Aleria I T. 41","Lamboglia 36B"
"Aleria I T. 41","Aleria I 547"
"Aleria I T. 41","Aleria I 578"
"Aleria I T. 41","Morel 3153a"
"Aleria I T. 41","Aleria I 567"
"Aleria I T. 41","Lamboglia 36A"
"Aleria I T. 41","Aleria I 573"
"Aleria I T. 41","Syndenham 363"
"Aleria I T. 41","RRC 190/1"
"Aleria I T. 41","Lamboglia 48B"
"Aleria I T. 41","Almagro Ampurias p. 394 n 9"
"Aleria I T. 41","Aleria I 594"
"Aleria I T. 41","Aleria I 585"
"Aleria I T. 41","Aleria I 584"
"Aleria I T. 41","Aleria I 582"
"Aleria I T. 41","Aleria I 580"
"Aleria I T. 41","Aleria I 579"
"Aleria I T. 41","Aleria I 575"
"Aleria I T. 41","Aleria I 1011"
"Aleria I T. 41","Aleria I 583"
"Aleria I T. 41","Aleria I 182"
"Aleria I T. 41","Aleria I 16"
"Aleria I T. 41","Aleria I 577"
"Aleria I T. 41","Aleria I 576"
"Aleria I T. 41","Aleria I 574"
"Aleria I T. 41","Aleria I 572"
"Aleria I T. 41","Grand Congloué A p 111 pl 17"
"Aleria I T. 41","Aleria I 568"
"Aleria I T. 41","Aleria I 213"
"Aleria I T. 41","Aleria I 581"
"Aleria I T. 57","Aleria I 363"
"Aleria I T. 57","Lamboglia 60B"
"Aleria I T. 57","Aleria I 20"
"Aleria I T. 57","Aleria I 1014"
"Aleria I T. 57","Lamboglia 36B"
"Aleria I T. 57","Aleria I 548"
"Aleria I T. 57","Aleria I 99"
"Aleria I T. 57","Lamboglia 27C"
"Aleria I T. 57","Aleria I 1010"
"Aleria I T. 57","Aleria I 222"
"Aleria I T. 57","Lamboglia 100"
"Aleria I T. 57","Aleria I 14"
"Aleria I T. 57","Aleria I 241"
"Aleria I T. 57","Aleria I 1061"
"Aleria I T. 57","Aleria I 1007"
"Aleria I T. 57","Lamboglia 36A"
"Aleria I T. 57","Aleria I 573"
"Aleria I T. 57","Aleria I 1072"
"Aleria I T. 57","Aleria I 1020"
"Aleria I T. 57","Aleria I 1019"
"Aleria I T. 57","Aleria I 1018"
"Aleria I T. 57","Aleria I 1017"
"Aleria I T. 57","Aleria I 23"
"Aleria I T. 57","Aleria I 226"
"Aleria I T. 57","Aleria I 1009"
"Aleria I T. 57","Aleria I 1011"
"Aleria I T. 57","Lamboglia 63"
"Aleria I T. 57","Aleria I 1264"
"Aleria I T. 57","Aleria I 1263"
"Aleria I T. 57","Aleria I 1023"
"Aleria I T. 57","Aleria I 1022"
"Aleria I T. 57","Aleria I 1021"
"Aleria I T. 57","Aleria I 1013"
"Aleria I T. 57","Aleria I 1012"
"Aleria I T. 57","Aleria I 1008"
"Aleria I T. 57","Aleria I 187"
"Aleria I T. 57","Aleria I 225"
"Aleria I T. 57","Aleria I 212"
"Aleria I T. 57","Aleria I 1083"
"Aleria I T. 57","Aleria I 1082"
"Aleria I T. 57","Aleria I 1015"
"Aleria II T. 149","Morel 5631a"
"Aleria II T. 149","Aleria I 228"
"Aleria II T. 149","Lamboglia 27C"
"Aleria II T. 149","Morel 2784c"
"Aleria II T. 149","Aleria II 3215"
"Aleria II T. 149","Aleria II 2830"
"Aleria II T. 149","Aleria I 22"
"Aleria II T. 149","Lamboglia 113B"
"Aleria II T. 149","Aleria II 3214"
"Aleria II T. 149","Aleria II 3213"
"Aleria II T. 149","Aleria I 187"
"Aleria II T. 149","Aleria I 229"
"Aleria II T. 149","Aleria II 3217"
"Aleria II T. 149","Aleria II 3212"
"Aleria I T. 62","Lamboglia 25/27"
"Aleria I T. 62","Aleria I 188"
"Aleria I T. 62","Lamboglia 55/5"
"Aleria I T. 62","Aleria I 1085"
"Aleria I T. 62","Lamboglia 32"
"Aleria I T. 62","Aleria I 1087"
"Aleria I T. 62","Aleria I 1084"
"Aleria I T. 62","Grand Congloué A p 111 pl 17"
"Aleria I T. 62","Aleria I 568"
"Aleria I T. 62","Aleria I 213"
"Aleria I T. 62","Aleria I 1086"
"Aleria I T. 25","Aleria I 228"
"Aleria I T. 25","Lamboglia 131"
"Aleria I T. 25","Lamboglia 36B"
"Aleria I T. 25","Aleria I 525"
"Aleria I T. 25","Lamboglia 27C"
"Aleria I T. 25","Aleria I 36"
"Aleria I T. 25","Aleria I 222"
"Aleria I T. 25","Aleria I 1184"
"Aleria I T. 25","Lamboglia 59A1"
"Aleria I T. 25","Aleria I 31"
"Aleria I T. 25","Aleria I 227"
"Aleria I T. 25","Aleria I 226"
"Aleria I T. 25","Aleria I 15"
"Aleria I T. 25","Aleria I 1009"
"Aleria I T. 25","Aleria I 231"
"Aleria I T. 25","Aleria I 1067"
"Aleria I T. 25","Aleria I 577"
"Aleria I T. 25","Aleria I 576"
"Aleria I T. 25","Aleria I 574"
"Aleria I T. 25","Aleria I 572"
"Aleria I T. 25","Aleria I 187"
"Aleria I T. 25","Lamboglia 68C"
"Aleria I T. 25","Grand Congloué A p 108 n 2-3"
"Aleria I T. 25","Aleria I 230"
"Aleria I T. 25","Aleria I 224"
"Aleria I T. 25","Aleria I 223"
"Aleria I T. 25","Aleria I 1187"
"Aleria I T. 25","Aleria I 225"
"Aleria I T. 25","Aleria I 212"
"Aleria I T. 25","Aleria I 229"
"Aleria I T. 25","Lamboglia 106D"
"Aleria I T. 25","Aleria I 1015"
"Aleria I T. 24","Lamboglia 60B"
"Aleria I T. 24","Lamboglia 28"
"Aleria I T. 24","Aleria I 196"
"Aleria I T. 24","Lamboglia 27C"
"Aleria I T. 24","Aleria I 36"
"Aleria I T. 24","Aleria I 219"
"Aleria I T. 24","Aleria I 23"
"Aleria I T. 24","Aleria I 583"
"Aleria I T. 24","Aleria I 182"
"Aleria I T. 24","Aleria I 43"
"Aleria I T. 24","Lamboglia 60A"
"Aleria I T. 24","Aleria I 26"
"Aleria I T. 24","Aleria I 217"
"Aleria I T. 24","Aleria I 216"
"Aleria I T. 24","Aleria I 215"
"Aleria I T. 24","Aleria I 1076"
"Aleria I T. 24","Grand Congloué A p 111 pl 17"
"Aleria I T. 24","Aleria I 568"
"Aleria I T. 24","Aleria I 213"
"Aleria I T. 24","Aleria I 581"
"Aleria I T. 24","Aleria I 225"
"Aleria I T. 24","Aleria I 212"
"Aleria I T. 24","Aleria I 229"
"Aleria I T. 24","Aleria I 1086"
"Aleria I T. 24","Lamboglia 106D"
"Aleria I T. 24","Almagro p. 395 n 7"
"Aleria I T. 24","Almagro n7"
"Aleria I T. 24","Almagro n6"
"Aleria I T. 24","Aleria I 34"
"Aleria I T. 24","Aleria I 221"
"Aleria I T. 24","Aleria I 211"
"Aleria I T. 24","Aleria I 210"
"Aleria I T. 24","Aleria I 209"
"Aleria I T. 24","Aleria I 208"
"Aleria I T. 24","Aleria I 207"
"Aleria I T. 24","Aleria I 1015"
"Aleria I T. 24","Aleria I 214"
"Aleria II T. 150","Aleria I 103"
"Aleria II T. 150","Lamboglia 27C"
"Aleria II T. 150","Aleria II 3645"
"Aleria II T. 150","Aleria II 3219"
"Aleria II T. 150","Morel 2784b"
"Aleria II T. 150","Aleria I 187"
"Aleria II T. 150","Aleria II 3217"
"Aleria II T. 150","Aleria I 214"
"Aleria II T. 150","Campanian A"
"Aleria II T. 150","Aleria II 4155"
"Aleria II T. 150","Aleria II 3709"
"Aleria II T. 150","Aleria II 3221"
"Aleria II T. 150","Aleria II 3218"
"Aleria II T. 150","Aleria I 106"
"Aleria II T. 150","Aleria II 3212"
"Aleria I T. 61","Aleria I 16"
"Aleria I T. 61","Aleria I 1081"
"Aleria I T. 61","Aleria I 1083"
"Aleria I T. 61","Aleria I 1082"
"Aleria I T. 61","Aleira I 1022"
"Aleria II T. 138","Lamboglia 27C"
"Aleria II T. 138","Aleria I 1015"
"Aleria II T. 138","Aleria II 3212"
"Aleria II T. 138","Morel 2826c"
"Aleria II T. 138","Aleria II 2804"
"Aleria II T. 138","Aleria II 2803"
"Aleria II T. 138","Aleria I 1451"
